insurance,driver_age,car_value,num_accident,annual_mileage,car_age,excess,car_reg,gender,alarm,insurance_group,crime_area,country
231.69,67,"£26,500",0,9000,4Y 2M,50,OO19TCA,M,Yes,Group 2,low,UK
310.47,54,"£12,000",1,11950,7Y 5M,100,BZ65SRB,male,Yes,Group 2,normal,UK
506.26,47,£34.5K,1,12900,3Y 5M,200,SG69XEX,M,Yes,Group 3,normal,UK
174.29,80,"£5,100",0,3730,8Y 9M,150,DZ14WGG,F,Yes,Group 2,high,UK
526.97,54,"£9,300",1,9130,10Y 10M,0,FE12JKB,female,No,Group 2,high,UK
502.09,32,£48.3K,0,8200,1Y 6M,100,NJ71VPX,male,Yes,Group 2,normal,UK
281.15,44,£8.1K,0,6900,4Y 5M,50,QO68IJL,M,No,Group 1,low,UK
208.38,66,"£14,300",0,12820,7Y 11M,100,WT15ZOY,male,Yes,Group 2,low,UK
235.31,25,"£30,700",0,6730,3Y 5M,100,KZ69LYB,female,Yes,Group 1,low,UK
300.15,61,"£14,300",0,6380,6Y 9M,0,LN16CXA,male,No,Group 1,normal,UK
233.61,32,£8.6K,0,6610,10Y 3M,100,SU13TUD,male,No,Group 1,normal,UK
277.11,64,£3.8K,0,4540,10Y 10M,50,GN12RBE,F,No,Group 1,high,UK
295.01,69,"£27,500",0,9450,2Y 10M,100,TJ20IVV,F,Yes,Group 2,normal,UK
295.23,82,"£11,300",1,14870,6Y 2M,100,PZ17ALM,M,Yes,Group 3,normal,UK
404.3,50,£12K,1,14070,6Y 11M,100,IA16SYQ,M,No,Group 2,low,UK
297.75,43,"£17,400",1,4980,9Y 5M,150,JE63TAK,F,Yes,Group 2,high,UK
181.42,36,£20.1K,1,8040,6Y 5M,200,TA66KGH,male,Yes,Group 2,low,UK
214.77,59,£45.1K,0,10790,1Y 0M,200,EF22JNJ,male,Yes,Group 2,low,UK
207.39,70,£11.7K,0,10110,5Y 9M,150,MI17ACU,male,Yes,Group 2,low,UK
630.06,37,£27.6K,3,18540,5Y 7M,250,IK67RDH,male,No,Group 3,normal,UK
257.39,58,"£12,200",2,11440,7Y 2M,100,YG16TIO,M,Yes,Group 2,high,UK
287.22,63,£24.9K,0,9850,5Y 1M,50,IN18MRX,male,Yes,Group 2,normal,UK
222.11,53,"£15,000",0,11600,4Y 11M,150,OI18BWH,male,No,Group 2,low,UK
307.9,57,"£15,200",2,10760,4Y 0M,500,KS19TFU,female,Yes,Group 3,high,UK
280.7,32,"£26,600",0,6310,5Y 0M,100,MZ18INI,female,No,Group 2,low,UK
216.69,73,£14.5K,0,5180,7Y 1M,150,RE16PQQ,female,Yes,Group 3,normal,UK
384.32,39,"£5,500",2,9480,12Y 3M,50,QP11CUZ,M,No,Group 1,normal,UK
195.25,65,"£6,900",0,8790,6Y 8M,100,JH66DIS,F,Yes,Group 1,normal,UK
208.58,33,"£20,800",1,11870,4Y 5M,200,QP68LRZ,male,Yes,Group 1,normal,UK
352.97,55,"£33,800",0,8280,2Y 8M,0,QA70WPK,F,No,Group 2,low,UK
431.19,40,"£7,800",2,12590,12Y 4M,50,PD60AZZ,male,No,Group 2,high,UK
226.52,49,£31.9K,0,8710,2Y 9M,350,KK20TEP,female,Yes,Group 3,high,UK
266.6,64,"£26,800",0,11310,3Y 1M,50,QL20LUC,male,Yes,Group 2,low,UK
374.86,58,"£27,200",0,9710,6Y 3M,50,DG17RVD,F,No,Group 2,low,UK
247.31,84,"£15,000",0,6080,3Y 3M,150,ZZ20BVA,female,Yes,Group 3,normal,UK
221.85,48,"£28,700",0,7050,4Y 7M,50,GK68WEA,female,Yes,Group 2,low,UK
158.32,48,"£5,000",0,5890,4Y 0M,350,EN19VVQ,F,No,Group 1,normal,UK
187.24,78,"£8,800",0,6750,4Y 3M,250,MR19VLM,F,Yes,Group 2,normal,UK
215.83,62,"£22,200",0,10870,2Y 4M,150,XO70OGC,male,Yes,Group 1,normal,UK
276.9,54,"£7,300",0,10150,9Y 5M,100,LW63GYS,F,No,Group 2,low,UK
421.4,20,"£16,500",3,10570,7Y 11M,300,DB15VLI,F,No,Group 2,normal,UK
248.79,55,"£28,600",0,4400,2Y 2M,200,CR21LTJ,F,Yes,Group 2,normal,UK
313.4,56,"£22,000",0,7220,5Y 5M,0,JX67RCT,M,No,Group 2,low,UK
205.15,64,"£6,700",1,9310,6Y 7M,250,AF66UHQ,M,Yes,Group 2,normal,UK
221.09,59,"£1,900",0,8110,9Y 1M,200,RL14URM,F,No,Group 1,high,UK
231.27,56,"£3,200",0,7410,15Y 0M,50,WE8YQD,F,No,Group 2,normal,UK
199.51,58,"£6,400",0,8770,5Y 2M,150,YY18QNQ,F,No,Group 1,low,UK
154.24,53,£12.8K,0,10250,5Y 2M,300,FQ18ZBH,F,Yes,Group 1,low,UK
295.47,74,"£29,700",0,10320,6Y 7M,150,TA66GGL,F,Yes,Group 3,normal,UK
421.67,71,£23K,0,7930,3Y 4M,0,NE69LJF,M,Yes,Group 2,normal,UK
188.36,59,£17.2K,0,5650,2Y 9M,100,DV20DCX,F,Yes,Group 1,normal,UK
177.49,45,"£7,400",1,9270,4Y 0M,400,PV19SWN,F,Yes,Group 1,normal,UK
178.74,32,"£17,300",0,7630,1Y 7M,250,VX71XFF,F,No,Group 1,low,UK
312.62,69,£12K,0,5850,5Y 8M,100,EV67ZSG,female,Yes,Group 2,high,UK
193.83,53,£2.6K,1,12480,11Y 2M,200,LB12KSO,F,Yes,Group 1,high,UK
332.6,38,"£14,000",1,10640,8Y 4M,50,TI64CIG,M,Yes,Group 1,,UK
498.41,32,"£20,200",3,13360,5Y 8M,150,AZ67YOF,male,Yes,Group 2,normal,UK
219.12,63,"£17,400",0,9050,3Y 1M,200,GG20YTA,F,Yes,Group 2,normal,UK
410.04,39,"£11,700",3,13230,7Y 0M,350,LG16ACA,M,Yes,Group 2,high,UK
277.08,71,£20.6K,0,8550,5Y 10M,50,DV17PJM,F,Yes,Group 3,low,UK
427.19,33,£7.5K,1,11100,10Y 6M,100,TV62DBW,F,No,Group 1,,UK
644.32,25,"£26,200",3,14780,2Y 7M,150,FY70MNC,M,Yes,Group 1,high,UK
293.92,54,"£19,600",1,10440,4Y 7M,150,EO68VNA,F,Yes,Group 2,high,UK
226.66,69,"£17,900",0,10800,2Y 4M,250,QJ70BIB,F,Yes,Group 2,normal,UK
199.28,43,"£4,500",2,11170,11Y 11M,300,CX11YAZ,F,Yes,Group 2,normal,UK
614.18,28,£37.4K,2,13590,4Y 2M,150,KS19ZXA,M,Yes,Group 3,normal,UK
203.78,73,"£15,000",0,7330,3Y 9M,150,WO19RIA,F,Yes,Group 2,normal,UK
581.06,23,£16.2K,1,11570,3Y 6M,150,EN69LQV,F,No,Group 1,normal,UK
350.45,18,£26.1K,2,13010,5Y 9M,150,TT17BOY,male,No,Group 1,low,UK
429.16,40,"£14,700",1,6300,7Y 11M,100,NR15BIK,M,No,Group 2,normal,UK
422.22,35,£36.8K,0,6640,3Y 7M,100,PG69FBU,F,No,Group 3,low,UK
203.55,44,£16.4K,0,12190,4Y 4M,300,CS68KKD,female,No,Group 2,low,UK
266.6,64,"£37,100",0,12060,2Y 6M,150,FE70GER,M,Yes,Group 2,normal,UK
407.22,36,"£26,000",1,13190,3Y 0M,200,RO20IIM,female,Yes,Group 2,normal,UK
559.17,24,£7.9K,4,13030,14Y 0M,100,JD9DLB,male,No,Group 2,high,UK
247.37,57,£9.5K,1,11220,7Y 11M,150,ON15XYF,F,Yes,Group 2,normal,UK
262.35,56,"£14,000",0,1640,7Y 8M,50,LI65CJZ,F,Yes,Group 2,normal,UK
236.51,39,"£29,000",0,7160,3Y 4M,50,AR69GLP,M,No,Group 2,low,UK
306.83,31,£24.4K,1,10570,3Y 9M,150,ZB19BKR,M,No,Group 2,low,UK
389.39,73,"£23,200",0,8760,2Y 7M,100,UY70KUE,M,Yes,Group 2,normal,UK
240.12,51,"£13,600",1,11110,9Y 2M,50,WX14KEO,male,No,Group 2,low,UK
497.58,69,£7K,0,4920,9Y 9M,0,QQ13YZY,M,No,Group 2,high,UK
212.34,59,£9.8K,0,4990,7Y 7M,150,TF65XEZ,F,No,Group 2,low,UK
201.27,19,"£36,100",0,9420,4Y 9M,250,EA18KXT,F,Yes,Group 1,low,UK
277.16,33,"£12,300",3,12500,8Y 8M,100,ZL64WCT,M,Yes,Group 1,high,UK
227.81,18,"£20,400",2,10860,7Y 0M,200,JQ16XXA,female,Yes,Group 1,high,UK
409.75,55,£7.1K,1,8080,8Y 4M,100,YJ64STG,M,Yes,Group 2,high,UK
224.57,68,"£15,800",1,9730,5Y 7M,250,TC67DSZ,female,Yes,Group 2,high,UK
423.19,69,£26K,0,8840,2Y 1M,150,IB21GZC,female,Yes,Group 2,high,UK
226.67,73,"£13,800",0,7080,3Y 7M,100,GB69VIK,male,Yes,Group 1,normal,UK
441.72,28,£17.3K,0,6510,7Y 4M,50,TE65CXL,F,No,Group 2,low,UK
180.97,36,£6.3K,1,12590,7Y 0M,300,OP16JMS,M,Yes,Group 1,high,UK
371.1,18,"£26,500",3,13550,6Y 6M,300,XZ66UCV,F,Yes,Group 2,high,UK
322.7,22,"£19,100",2,12130,3Y 9M,150,FF19INJ,male,Yes,Group 1,high,UK
176.85,28,£23.7K,0,,3Y 7M,250,SD69SMY,male,Yes,Group 1,normal,UK
224.9,44,£1.9K,2,12310,9Y 10M,150,CT13VSO,M,Yes,Group 1,high,UK
169.81,59,"£3,600",1,7580,13Y 9M,150,QU9SHS,F,Yes,Group 1,normal,UK
321.02,48,£17.1K,2,13840,4Y 11M,250,BD18HXT,M,Yes,Group 2,high,UK
368.57,40,"£15,300",1,14380,2Y 11M,300,FR20TVQ,female,No,Group 2,high,UK
580.75,19,£30K,2,14840,10Y 7M,50,VM62LBL,M,Yes,Group 2,high,UK
511.4,51,£15.1K,0,7090,1Y 7M,100,DA71IBV,female,Yes,Group 1,high,UK
230.55,54,£20.5K,0,8310,5Y 6M,150,UI67DBV,M,Yes,Group 2,normal,UK
412.84,67,£10.7K,0,8350,5Y 2M,100,EZ18GSN,M,No,Group 2,normal,UK
159.25,31,"£23,700",1,,4Y 0M,400,MI19TLK,male,Yes,Group 2,low,UK
304.46,69,"£21,300",0,8260,4Y 10M,100,DD18BJI,female,No,Group 3,low,UK
275.87,53,"£6,400",1,16770,6Y 9M,100,KW16YPF,F,No,Group 1,normal,UK
241.68,64,"£6,300",0,7270,10Y 11M,50,CW12TLM,F,No,Group 2,low,UK
473.33,52,£21.4K,1,7910,3Y 9M,100,WC19JCL,female,Yes,Group 2,high,UK
341.26,41,"£5,200",1,7580,8Y 8M,200,ET64PDZ,female,No,Group 1,high,UK
361.2,54,"£16,900",0,11070,7Y 5M,150,JX65BFJ,F,Yes,Group 2,normal,UK
416.8,44,"£23,700",0,6480,4Y 0M,0,BB19EZW,M,No,Group 1,low,UK
486.2,44,"£35,500",0,1530,4Y 4M,0,TP68RSO,female,No,Group 2,normal,UK
232.4,52,"£15,600",0,,3Y 5M,250,II69BLG,female,Yes,Group 1,high,UK
432.97,45,"£15,600",1,12200,3Y 1M,100,MZ20IHN,M,No,Group 1,normal,UK
265.52,33,"£15,600",1,8030,9Y 5M,150,UG63WBM,female,Yes,Group 2,normal,UK
351.8,41,"£9,000",2,13840,4Y 6M,250,PQ68AMF,female,No,Group 1,normal,UK
177.07,78,£4.9K,0,8350,14Y 3M,0,QB9SWN,M,Yes,Group 2,normal,UK
410.48,47,"£12,900",0,11070,8Y 5M,100,MR64TPI,F,No,Group 2,normal,UK
288.42,30,"£10,800",1,11680,4Y 10M,100,HY18JGC,M,Yes,Group 1,high,UK
215.12,36,"£8,000",1,10450,5Y 10M,300,FS17KFN,female,Yes,Group 1,high,UK
315.9,64,£54.7K,0,9500,1Y 4M,200,OX71PIH,M,Yes,Group 3,,UK
174.89,44,"£17,500",0,10210,3Y 4M,350,XI69BGI,F,Yes,Group 2,normal,UK
431.7,21,"£11,400",3,17670,5Y 9M,400,LM17KQF,F,No,Group 2,high,UK
563.92,34,£36.5K,1,8420,3Y 1M,0,FY20ZSD,M,Yes,Group 2,normal,UK
726.74,33,"£36,400",2,11660,3Y 10M,0,VR19QQR,male,Yes,Group 2,high,UK
215.68,26,"£18,400",0,14010,5Y 4M,150,FA67VPZ,male,No,Group 1,low,UK
250.01,69,"£14,600",0,10250,5Y 0M,100,PX18OFO,M,Yes,Group 2,low,UK
311.87,84,£31.6K,0,9010,4Y 7M,0,HI68AMT,F,Yes,Group 3,low,UK
273.62,39,£11.7K,0,5820,12Y 1M,0,PC11ZBC,male,No,Group 1,normal,UK
310.37,58,£19.6K,1,10440,4Y 11M,250,DY18UJP,F,Yes,Group 3,normal,UK
289.19,42,"£9,700",2,14430,6Y 11M,350,BN16VGV,male,Yes,Group 2,high,UK
297,30,£12.6K,1,8350,5Y 1M,200,AE18SFZ,F,No,Group 1,normal,UK
171.28,47,£4.8K,0,7640,7Y 2M,150,OT16RYH,F,No,Group 1,normal,UK
296.35,46,"£15,700",1,14840,3Y 5M,100,WL69EUW,M,Yes,Group 1,normal,UK
208.88,47,"£9,300",0,6460,5Y 6M,150,TP67PNT,F,No,Group 1,low,UK
312.28,29,"£8,800",0,3200,11Y 5M,50,MZ61JED,F,No,Group 1,normal,UK
288.6,24,£29.6K,0,5570,3Y 3M,150,WZ20MIQ,F,Yes,Group 1,normal,UK
249.53,72,"£30,400",0,2180,2Y 0M,50,FS21FEL,F,Yes,Group 2,low,UK
301.99,40,"£15,800",1,14810,5Y 7M,200,OD67GUM,male,No,Group 1,normal,UK
179.35,38,"£4,800",1,8470,10Y 10M,250,BX12YJZ,female,No,Group 1,normal,UK
357.2,58,£33.4K,0,8510,4Y 4M,100,EZ68ZAF,F,Yes,Group 3,normal,UK
365.24,32,"£8,300",2,13810,9Y 0M,300,VC14IJP,male,Yes,Group 1,high,UK
343.8,54,£11.9K,2,10300,10Y 1M,250,MQ13HNR,female,Yes,Group 3,high,UK
229.26,38,£17.4K,1,10260,5Y 5M,200,CS67SEG,female,Yes,Group 1,high,UK
318.94,32,"£22,700",1,14690,6Y 1M,100,MU17RMP,M,No,Group 2,low,UK
345.97,25,£11.1K,1,9090,7Y 5M,50,EK65ILV,male,No,Group 1,normal,UK
437.45,30,"£5,800",3,11600,11Y 0M,200,JC12XCL,M,No,Group 1,high,UK
286.36,42,£3.7K,1,13230,11Y 4M,150,QG61BON,F,No,Group 1,normal,UK
277.46,46,£31.2K,1,13370,5Y 6M,100,JA67KYO,male,Yes,Group 2,normal,UK
476.9,66,£7K,1,9870,7Y 3M,50,XX16DKP,male,No,Group 2,high,UK
372.89,71,£16.1K,0,8060,8Y 4M,50,AW64HLJ,female,Yes,Group 3,high,UK
305.9,58,"£25,000",1,11190,3Y 3M,150,TT20BGH,M,Yes,Group 2,normal,UK
577.05,30,£16.5K,2,14610,8Y 0M,50,UX15NQO,male,No,Group 2,normal,UK
215.13,50,"£13,400",0,6260,4Y 11M,200,HZ18BJP,F,Yes,Group 2,normal,UK
244.12,49,"£5,100",1,,6Y 0M,400,EQ17BZM,F,Yes,Group 2,high,UK
446.23,29,"£5,200",2,10340,13Y 0M,50,WS10FDS,male,No,Group 1,high,UK
276.21,66,"£3,800",1,9420,10Y 1M,250,KM13MMG,F,Yes,Group 2,high,UK
187.21,59,£20.7K,0,6570,5Y 9M,200,SW17YMG,F,Yes,Group 2,normal,UK
206.16,38,"£13,100",0,8310,3Y 0M,300,AG20BPS,female,Yes,Group 1,normal,UK
196.1,22,"£7,100",1,9140,8Y 4M,300,OG64MNN,female,Yes,Group 1,high,UK
198.16,29,£8.9K,0,6620,6Y 0M,200,DQ17NBV,female,No,Group 1,normal,UK
410.36,80,"£26,600",0,12690,1Y 4M,100,DX71SWL,F,Yes,Group 3,normal,UK
234.27,25,£10.7K,0,6920,8Y 4M,100,CW64DZB,F,No,Group 1,low,UK
200.7,38,£19.6K,1,9470,5Y 5M,150,QH67VJX,M,Yes,Group 2,low,UK
302.21,30,"£21,200",1,12900,3Y 4M,350,NF69AZY,female,Yes,Group 2,normal,UK
466.44,32,"£34,300",1,7730,7Y 2M,150,WS16MLG,F,Yes,Group 3,high,UK
449.04,38,"£18,900",3,14250,7Y 9M,200,ZA15EEM,M,Yes,Group 2,high,UK
222.82,44,"£11,000",1,9680,8Y 0M,200,JF15FSL,M,Yes,Group 1,high,UK
286.03,53,"£3,500",0,9450,8Y 3M,100,OY15NQN,F,No,Group 1,low,UK
431.32,43,£9.5K,3,15260,5Y 9M,250,BC17OKB,male,No,Group 2,normal,UK
632.45,30,"£19,800",2,12430,4Y 5M,150,DS68HMY,F,No,Group 2,high,UK
253.33,47,"£20,100",1,11470,8Y 7M,100,CD64LGN,male,Yes,Group 2,normal,UK
244.69,28,"£8,400",0,6760,8Y 8M,250,OQ64FFU,F,No,Group 1,normal,UK
178.77,63,"£27,800",0,4860,5Y 8M,50,ED67KDF,M,Yes,Group 2,low,UK
446.9,51,£10.9K,2,13410,7Y 7M,250,UW65VOV,male,Yes,Group 2,high,UK
228.1,56,"£5,300",0,9110,5Y 3M,100,WV18HVW,female,No,Group 1,low,UK
181.07,69,"£4,000",0,9550,12Y 1M,100,BA11GIC,F,Yes,Group 2,normal,UK
780.42,20,"£18,100",3,15490,6Y 9M,100,MJ16TDS,male,No,Group 2,high,UK
376.83,50,"£30,300",0,11180,4Y 9M,150,UF18KDM,M,Yes,Group 3,low,UK
383.37,48,"£29,700",0,9530,3Y 7M,100,AJ69BKY,F,Yes,Group 2,high,UK
173.22,73,£19.2K,0,2150,5Y 1M,50,ZP18JJN,F,Yes,Group 2,low,UK
480.76,63,"£32,700",0,8250,3Y 10M,100,FY19QMI,F,Yes,Group 3,high,UK
330.9,21,"£17,300",2,13220,5Y 9M,350,VR17OMI,F,No,Group 2,normal,UK
256.44,37,£5.9K,2,10480,10Y 5M,150,BZ62GBF,M,Yes,Group 1,high,UK
627.99,32,"£53,400",1,5170,2Y 2M,150,VY21PHM,F,Yes,Group 3,normal,UK
412.05,22,"£14,700",3,16660,10Y 2M,100,NE13UXA,male,Yes,Group 1,normal,UK
448.2,23,£26.6K,1,12170,3Y 10M,150,FV19NYP,M,Yes,Group 1,high,UK
337.62,77,"£16,700",0,7670,6Y 4M,50,TB66VVW,male,Yes,Group 3,normal,UK
327.82,55,"£5,900",2,12280,12Y 4M,150,MG60YCB,male,No,Group 2,normal,UK
365.77,61,"£7,900",0,9440,7Y 11M,100,BD15QZD,female,Yes,Group 2,high,UK
173.94,36,"£13,000",1,9950,4Y 0M,400,UO19HDK,F,Yes,Group 1,normal,UK
154.02,68,"£23,400",0,4540,6Y 1M,150,OJ17GZL,F,Yes,Group 2,low,UK
180.31,28,£25.6K,0,8040,3Y 8M,250,EE69JWL,female,Yes,Group 2,low,UK
459.75,56,£37.3K,0,11590,2Y 4M,100,XW70UBV,M,Yes,Group 3,normal,UK
417.85,19,"£6,500",3,18630,6Y 2M,200,WJ17OMO,M,No,Group 1,high,UK
283.09,27,£18.4K,1,14520,4Y 4M,250,ZF68NVT,female,No,Group 2,low,UK
337.07,52,£22.2K,1,14480,6Y 1M,150,LZ17IPB,male,Yes,Group 2,normal,UK
222.35,46,"£39,700",0,8410,2Y 0M,250,VP21ICV,F,Yes,Group 3,low,UK
234.44,59,£15.5K,1,14910,2Y 0M,350,PZ21WCC,male,Yes,Group 1,high,UK
253.66,73,"£22,300",0,3200,4Y 7M,0,HB68RAB,female,No,Group 2,low,UK
302.27,39,"£35,800",1,11520,2Y 11M,150,VW20EAP,male,Yes,Group 2,normal,UK
248.59,38,£1.8K,2,12420,15Y 4M,150,KT57SUQ,M,No,Group 1,high,UK
304.97,22,£11.5K,1,8860,9Y 0M,100,XI14JOX,F,No,Group 1,normal,UK
305.27,48,"£31,000",2,15360,5Y 8M,200,PY67DGV,male,Yes,Group 3,low,UK
311.08,33,"£7,500",1,9780,5Y 6M,150,MQ67AQV,M,No,Group 1,normal,UK
368.69,21,"£11,600",1,10640,5Y 1M,100,KX18XUO,female,No,Group 1,normal,UK
587.71,26,"£16,900",2,13080,9Y 0M,0,AJ14YJB,M,No,Group 1,normal,UK
299.38,25,£14.7K,2,13580,8Y 5M,300,EI64ODV,male,Yes,Group 2,high,UK
341.64,42,"£14,000",1,8350,8Y 10M,100,AM14DPK,F,Yes,Group 2,normal,UK
160.48,54,£8.2K,0,10010,7Y 6M,200,WW65JEF,M,Yes,Group 1,low,UK
361.23,62,"£21,200",1,13840,1Y 11M,150,TT21XLG,male,No,Group 2,low,UK
186.17,79,"£14,000",1,11690,8Y 2M,200,UB15LJW,male,Yes,Group 3,high,UK
463.22,24,"£39,000",2,12700,4Y 8M,150,XV68VIK,male,Yes,Group 2,,UK
155.54,68,"£12,600",0,9030,5Y 1M,200,ZW18TNF,F,Yes,Group 1,normal,UK
265.46,45,"£13,200",0,10350,3Y 0M,150,RI20ZZQ,F,No,Group 1,normal,UK
253.53,78,"£4,200",2,17320,11Y 7M,150,TC61QTT,M,Yes,Group 2,high,UK
302.03,56,"£8,400",1,7130,9Y 10M,150,TD13IRA,female,Yes,Group 2,high,UK
255.63,77,£2K,1,11640,11Y 4M,100,GU61WXZ,female,Yes,Group 2,high,UK
320.73,67,"£7,500",0,7950,5Y 1M,100,SS18PHX,male,Yes,Group 1,high,UK
328.46,23,"£7,000",2,8820,12Y 6M,200,JF60KIX,F,No,Group 2,normal,UK
336.71,29,"£7,100",2,13180,8Y 4M,250,AU64MVJ,F,No,Group 1,high,UK
332.02,25,£28.8K,1,11920,4Y 0M,200,OJ19QLZ,F,Yes,Group 2,normal,UK
656.57,21,"£16,000",3,13210,9Y 0M,0,EJ14NYB,M,No,Group 1,high,UK
352.47,22,"£16,700",1,10970,5Y 9M,400,EE17KEN,M,No,Group 1,high,UK
388.65,41,"£14,800",1,,5Y 1M,100,YX18GSP,male,Yes,Group 1,normal,UK
257.55,75,"£18,200",0,,2Y 5M,250,GZ70JQC,female,Yes,Group 2,normal,UK
676.06,19,£14.6K,5,15160,9Y 4M,150,GG63OHB,male,No,Group 2,high,UK
296.9,34,"£13,200",2,13730,9Y 4M,150,PF63PDF,F,Yes,Group 2,low,UK
249.25,55,£17.2K,0,6880,4Y 7M,200,PL68CIM,female,Yes,Group 2,normal,UK
285.98,33,"£9,900",1,9270,6Y 1M,100,BB17DZN,male,No,Group 1,normal,UK
236.18,47,"£6,300",0,10280,5Y 8M,150,NQ67LWX,female,No,Group 1,normal,UK
249.69,35,£12.3K,0,9590,8Y 0M,50,FH15LGU,M,Yes,Group 1,normal,UK
208.79,50,"£51,200",0,8090,0Y 11M,250,PU22IPR,M,Yes,Group 3,low,UK
259.51,70,£21.5K,1,15460,4Y 4M,150,KZ68GFA,M,Yes,Group 2,low,UK
424.63,58,"£5,700",1,7810,12Y 3M,0,GS11HLM,M,No,Group 2,normal,UK
229.03,67,£21.5K,0,9230,3Y 9M,100,DJ19QTJ,female,Yes,Group 2,low,UK
154.91,81,"£6,300",0,2830,9Y 6M,50,ML63BHD,F,Yes,Group 2,low,UK
309.96,40,"£17,400",0,8130,3Y 8M,150,AG69NCS,M,No,Group 1,normal,UK
285.6,56,"£4,600",1,10310,11Y 3M,100,BX12CSB,F,No,Group 2,normal,UK
408.26,44,£26.7K,1,,7Y 4M,0,BE65EVW,M,No,Group 2,low,UK
174.5,23,"£21,000",1,13310,2Y 6M,350,EL70LUJ,M,Yes,Group 1,low,UK
258.61,65,£7.7K,2,14010,8Y 4M,200,EM64MIN,M,Yes,Group 2,normal,UK
237.72,51,"£8,700",0,5430,12Y 8M,0,ZT60EVU,male,No,Group 1,normal,UK
332.79,46,"£19,400",2,15470,9Y 11M,0,FG13MDQ,male,Yes,Group 2,low,UK
316.2,25,£15.2K,2,9220,8Y 6M,200,CU64ZOW,female,Yes,Group 2,normal,UK
595.67,58,"£33,200",0,7960,3Y 4M,0,GQ69JHH,M,No,Group 3,normal,UK
456.4,29,"£13,500",2,12850,6Y 7M,100,CQ66BWQ,M,No,Group 1,high,UK
395.19,52,£9.9K,1,9750,8Y 7M,150,IP64IZF,female,Yes,Group 3,normal,UK
205.08,48,"£6,000",1,14710,6Y 6M,350,ZD66NEO,male,No,Group 2,low,UK
329.67,60,"£14,000",1,9700,2Y 6M,300,JR70HTP,female,Yes,Group 2,high,UK
243.53,42,"£4,000",1,11590,9Y 2M,250,AA14NVN,male,Yes,Group 1,high,UK
379.1,44,"£16,600",2,12020,2Y 9M,250,RO20KPQ,male,Yes,Group 1,high,UK
431,36,"£18,200",0,9800,4Y 0M,150,DA19BPD,female,No,Group 1,high,UK
299.25,41,£17K,1,10840,5Y 2M,250,JZ18RWW,male,Yes,Group 2,high,UK
270.91,58,"£7,500",0,3800,5Y 0M,150,HL18GAI,F,Yes,Group 1,high,UK
208.13,73,£13.3K,1,11660,2Y 11M,350,DS20VEI,M,Yes,Group 3,normal,UK
408.36,20,£18.1K,2,12130,4Y 7M,300,VO68NDB,M,No,Group 1,normal,UK
206.63,62,£8.9K,0,5270,7Y 2M,200,RB16JWB,F,Yes,Group 2,high,UK
256.26,38,"£34,200",1,14030,4Y 4M,150,BY68IMG,male,Yes,Group 2,low,UK
227.06,41,"£13,500",1,14730,3Y 0M,200,FD20GXV,M,Yes,Group 1,normal,UK
384.56,48,"£24,900",1,12880,4Y 8M,150,TP68PGI,male,Yes,Group 2,high,UK
231.63,64,"£4,400",1,8200,12Y 1M,50,BI11BIE,male,Yes,Group 1,high,UK
325.9,54,£7.4K,1,10320,4Y 1M,150,HP19YAS,female,Yes,Group 1,high,UK
158.4,68,£36.2K,0,,2Y 10M,350,PP20IIL,female,Yes,Group 2,high,UK
308.31,38,"£8,000",1,12910,11Y 7M,50,OD61RBH,M,No,Group 2,low,UK
208.91,57,"£9,700",1,9030,4Y 3M,150,GA19IFX,F,Yes,Group 1,normal,UK
252.46,63,£16.1K,1,11120,9Y 10M,150,UT13BKD,F,Yes,Group 3,low,UK
167.45,60,£15.7K,0,10590,5Y 4M,150,HD67MYL,female,Yes,Group 2,low,UK
523.4,52,"£37,400",0,10210,5Y 0M,0,HL18GFK,M,Yes,Group 2,low,UK
377.66,31,"£15,600",1,12320,9Y 0M,50,IJ14OOJ,male,No,Group 2,low,UK
299.63,58,"£35,800",0,8990,1Y 7M,100,WQ71EZP,male,Yes,Group 2,normal,UK
665.51,60,"£14,900",3,12840,7Y 8M,50,QB65BLP,M,Yes,Group 3,high,UK
495.26,49,"£9,900",1,8390,7Y 0M,150,FN16SCR,female,No,Group 2,high,UK
348.56,58,"£12,300",3,12440,9Y 7M,100,DH63KZV,M,Yes,Group 2,high,UK
528.91,28,£11.8K,3,12630,12Y 7M,100,SN60OOW,M,Yes,Group 2,high,UK
267.37,54,£16K,0,5830,6Y 6M,50,ON66YWZ,M,Yes,Group 1,normal,UK
342.56,25,"£3,000",1,11000,7Y 7M,150,NZ65KTM,female,No,Group 1,high,UK
320.11,44,"£24,600",2,12750,2Y 8M,250,QF70VQN,M,Yes,Group 2,high,UK
189.59,55,"£2,900",1,13410,10Y 2M,300,KK13TIS,M,Yes,Group 1,high,UK
382.41,31,"£40,900",0,10150,2Y 11M,200,WZ20DKX,F,Yes,Group 3,low,UK
173.37,52,"£28,100",0,12220,0Y 9M,300,ZR22LNU,female,Yes,Group 1,low,UK
311.91,21,£36.7K,1,14430,3Y 4M,200,WI69YSO,F,Yes,Group 2,low,UK
186.49,52,"£36,800",0,10530,4Y 0M,200,FV19VIR,M,Yes,Group 2,low,UK
423.31,36,"£5,700",2,8960,10Y 10M,50,CW12ICO,male,No,Group 1,high,UK
226.89,44,"£5,800",0,10370,6Y 5M,100,OB66IHX,F,No,Group 1,low,UK
291.19,34,£5.9K,1,7060,10Y 6M,250,SJ62XYM,F,Yes,Group 1,high,UK
209.22,51,£20.6K,0,11570,3Y 6M,100,GK69SPR,male,No,Group 2,low,UK
297.31,31,"£16,100",1,6930,7Y 6M,100,LV65UHA,F,Yes,Group 2,low,UK
202.41,71,"£6,300",0,7030,6Y 3M,50,BX17UGB,female,Yes,Group 1,high,UK
407.37,69,£4.1K,1,10800,11Y 0M,50,JO12DBM,M,No,Group 2,normal,UK
318.81,41,"£8,000",3,15140,9Y 0M,150,HE14QTI,female,Yes,Group 2,normal,UK
252.55,38,"£12,700",1,11490,8Y 7M,300,AJ64WAQ,F,Yes,Group 2,normal,UK
199.64,71,"£27,900",0,6260,3Y 0M,50,HZ20KOA,female,Yes,Group 2,low,UK
322.68,64,£10.5K,0,13130,6Y 6M,0,AC66EKU,F,No,Group 1,low,UK
638.75,39,£18.7K,1,13930,3Y 4M,150,AG69GKF,M,No,Group 2,high,UK
619.95,27,"£28,200",2,11280,3Y 2M,150,VG20SRN,male,No,Group 2,high,UK
186.28,76,£2.9K,0,7670,10Y 4M,150,HQ62RFL,female,Yes,Group 1,high,UK
245.79,58,"£24,900",0,7920,4Y 9M,200,MV18ISL,male,Yes,Group 2,high,UK
338.75,61,"£8,700",1,10610,9Y 0M,200,MF14JWV,M,No,Group 3,normal,UK
428.98,57,£7.8K,1,9600,4Y 8M,100,XC68NSA,F,No,Group 2,high,UK
287.19,48,£8.1K,0,5090,6Y 3M,100,DR17VYM,F,Yes,Group 1,high,UK
216.26,58,£12.8K,0,7690,7Y 2M,100,UI16CHV,female,Yes,Group 1,high,UK
204.71,52,£2.3K,1,11240,11Y 6M,150,KR61LFE,F,Yes,Group 1,high,UK
287.52,20,£17.1K,2,10820,6Y 11M,350,XB16PVQ,F,Yes,Group 1,high,UK
397.05,48,"£27,400",0,8080,4Y 10M,0,MJ18PFW,male,Yes,Group 1,high,UK
225.49,53,"£12,700",1,6630,5Y 4M,100,RZ67ZWW,F,Yes,Group 1,normal,UK
201.36,55,£6.9K,1,10720,7Y 7M,150,MK65KBW,male,No,Group 1,,UK
680.02,23,"£58,000",1,11120,2Y 5M,100,WI70JMP,male,No,Group 3,low,UK
223.79,34,"£17,900",0,8360,7Y 5M,150,SH65CQF,female,No,Group 2,low,UK
271.26,34,"£14,700",2,15970,5Y 4M,100,EI67AQR,M,No,Group 1,low,UK
537.47,20,"£29,300",1,12070,7Y 7M,50,XO65JWS,M,No,Group 2,normal,UK
388.23,40,"£12,900",2,7350,8Y 2M,200,ZS15MNF,F,Yes,Group 3,high,UK
554.15,79,"£37,300",0,6820,1Y 10M,0,UX21CLH,M,Yes,Group 3,normal,UK
267.19,50,"£10,100",1,9060,5Y 3M,200,WD18WUK,F,Yes,Group 1,high,UK
218.85,74,"£11,700",0,12400,3Y 8M,200,MS69YKR,male,Yes,Group 1,high,UK
264.88,29,£25.7K,2,15570,4Y 7M,300,ME68MBR,male,Yes,Group 2,normal,UK
268.6,57,£52.9K,0,16020,0Y 3M,250,MM23TIV,male,Yes,Group 2,low,UK
471.02,27,"£24,400",2,9930,2Y 0M,250,FS21RGR,M,Yes,Group 1,high,UK
213.43,62,£10.7K,0,11110,8Y 4M,150,UR64ONV,M,Yes,Group 2,low,UK
235.57,40,£19K,0,6460,5Y 4M,150,US67GSR,female,Yes,Group 1,normal,UK
442.92,61,£19.6K,0,9400,5Y 5M,50,YO67FNW,female,Yes,Group 2,normal,UK
343.25,53,£8.5K,1,10070,7Y 6M,200,ZL65WQS,female,No,Group 2,normal,UK
212.81,65,£17.8K,0,13860,4Y 3M,200,OF19OCD,female,Yes,Group 3,low,UK
276.79,74,£6.9K,0,3000,9Y 4M,0,UH63LYA,F,No,Group 2,normal,UK
248.86,35,"£9,500",1,9450,7Y 3M,150,GB16ZOY,male,No,Group 1,normal,UK
181.25,54,"£6,100",0,12340,6Y 8M,100,JY66BID,M,No,Group 1,low,UK
381.73,35,"£7,900",2,11600,7Y 8M,200,CN65CUW,M,No,Group 2,high,UK
298.51,64,£17.8K,0,7160,4Y 11M,50,ME18DMC,F,Yes,Group 2,normal,UK
330.46,18,"£23,300",2,10260,4Y 1M,350,YQ19ONV,female,No,Group 1,normal,UK
215.54,49,"£4,600",1,7230,11Y 2M,100,PA12XKT,F,No,Group 1,low,UK
210.65,21,£12.6K,1,12290,6Y 7M,300,XB66ZLU,female,Yes,Group 1,normal,UK
472.11,39,£13.8K,1,11160,5Y 7M,150,XY67NIV,M,No,Group 1,high,UK
186.31,49,"£4,900",1,9530,5Y 11M,200,BR17KZQ,female,Yes,Group 1,high,UK
476.09,27,£25K,1,6740,2Y 4M,200,WL70BGN,female,No,Group 2,normal,UK
236.82,39,£20.6K,0,12810,2Y 7M,200,TF70BXT,M,Yes,Group 1,normal,UK
182.86,66,£2.9K,0,6770,9Y 2M,200,XE14PBO,F,No,Group 1,normal,UK
235.55,43,£19.3K,0,9780,4Y 2M,200,BG19AJU,M,No,Group 1,low,UK
401.62,33,£16K,3,13800,9Y 8M,200,EZ63PTK,male,Yes,Group 2,high,UK
282.18,58,£15K,0,10000,6Y 11M,150,KK16GHF,female,Yes,Group 2,normal,UK
190.4,67,£5K,0,8980,13Y 6M,50,GJ59WVD,male,Yes,Group 1,high,UK
304.05,67,"£9,000",1,10570,7Y 3M,200,XG16DSB,M,No,Group 2,normal,UK
462,55,£14.6K,0,8640,5Y 9M,150,CI17SAD,female,No,Group 2,high,UK
352.58,50,£23.3K,2,,9Y 8M,250,XB63WJZ,F,Yes,Group 3,high,UK
338.42,20,£29.5K,2,13020,3Y 7M,150,XP69ANV,M,No,Group 1,low,UK
301.86,34,"£33,900",1,11390,1Y 0M,250,LG22AXO,female,No,Group 2,low,UK
339.48,24,"£11,000",3,13730,9Y 8M,300,DS63PYG,F,No,Group 2,low,UK
221.9,69,"£6,000",0,6600,7Y 8M,100,IV65JBW,M,Yes,Group 1,high,UK
156.27,76,"£23,800",0,9110,0Y 8M,250,DL72YGU,F,Yes,Group 1,low,UK
326.93,68,£11.6K,0,6290,9Y 3M,0,SB14FPV,M,Yes,Group 2,high,UK
270.78,48,"£13,100",0,6440,11Y 4M,50,WV61AFI,female,Yes,Group 2,normal,UK
190.77,86,"£4,700",0,6410,14Y 2M,0,SM9ZLG,female,Yes,Group 3,low,UK
341.34,23,"£20,300",1,9710,3Y 3M,200,YQ20BPG,male,No,Group 1,low,UK
198.86,40,"£4,000",0,6490,5Y 1M,200,YT18KXD,female,No,Group 1,high,UK
246.94,60,£9.4K,1,11430,8Y 4M,150,PG64QWZ,female,Yes,Group 2,high,UK
152,63,"£2,700",0,10840,10Y 2M,350,BP13QMQ,F,Yes,Group 1,normal,UK
300.57,56,"£9,600",1,14350,9Y 0M,100,UE14DMS,M,Yes,Group 2,high,UK
597.18,23,"£13,400",2,13160,3Y 0M,250,KV20MTU,F,No,Group 1,high,UK
373.92,79,£13.5K,0,7360,2Y 6M,100,NS70ZCI,female,No,Group 2,normal,UK
197.75,47,"£1,400",1,12680,13Y 7M,100,NV59LOX,male,No,Group 1,high,UK
512.66,26,£18.3K,3,11290,3Y 2M,300,FJ20DMB,male,Yes,Group 2,high,UK
492.99,60,£18.3K,1,12980,7Y 0M,100,QS16RAD,M,Yes,Group 3,normal,UK
528.48,20,£17.9K,2,12640,5Y 4M,250,BB67NLZ,female,No,Group 1,high,UK
320.69,37,£13.8K,1,10160,7Y 4M,100,MQ65QPI,female,Yes,Group 1,high,UK
242.31,20,"£14,700",1,7520,10Y 4M,150,WG62UPH,F,No,Group 1,low,UK
269.5,50,"£27,000",0,7480,1Y 9M,200,TB21DOG,F,Yes,Group 2,high,UK
497.91,17,£33.6K,1,9640,5Y 5M,100,DO67FGJ,M,No,Group 1,low,UK
154.68,49,£3.7K,0,8970,7Y 7M,300,QM65AWK,F,Yes,Group 1,high,UK
263.92,50,"£18,700",1,13510,7Y 1M,100,RX16ZQY,M,Yes,Group 2,low,UK
273.42,61,"£15,800",1,10860,7Y 0M,150,JL16TKQ,M,Yes,Group 2,normal,UK
568.61,19,£14.2K,3,11810,6Y 10M,250,EQ16NMC,M,No,Group 2,high,UK
298.06,61,£24.1K,0,9040,4Y 11M,50,VB18ALD,male,No,Group 2,low,UK
167.96,73,"£4,000",0,8170,11Y 2M,100,CT12ZTS,female,Yes,Group 1,normal,UK
354.94,29,"£15,200",0,9830,1Y 11M,200,RU21EEY,female,No,Group 1,high,UK
287.82,39,£16K,1,8700,8Y 9M,50,IN14TXV,M,Yes,Group 2,low,UK
258.72,56,"£34,900",0,8440,2Y 8M,150,UO70KCG,F,Yes,Group 3,low,UK
571.47,49,"£20,000",0,4550,6Y 7M,50,KX66UYB,female,No,Group 3,normal,UK
183,39,"£2,200",1,9560,11Y 10M,300,VD11PFX,F,Yes,Group 1,high,UK
288.46,37,"£22,200",0,8220,4Y 10M,100,VK18LBJ,F,No,Group 2,low,UK
277.81,22,"£16,500",1,12420,3Y 8M,150,WR69TEI,M,No,Group 1,normal,UK
234.88,66,£17.3K,0,11960,1Y 11M,450,NQ21XQX,F,Yes,Group 3,normal,UK
351.44,66,£39.6K,0,1800,2Y 8M,0,SB70RIM,female,Yes,Group 2,normal,UK
151.08,85,£4.2K,0,5370,10Y 6M,150,AG62IBZ,male,Yes,Group 1,high,UK
241.55,73,£2.4K,0,10220,11Y 3M,150,ET12YSX,F,Yes,Group 2,high,UK
347.46,26,"£36,200",3,12150,3Y 6M,350,TG69FPH,M,Yes,Group 3,low,UK
561.08,24,"£15,100",0,6070,10Y 2M,50,NF13CVU,M,No,Group 2,high,UK
474.25,40,"£14,500",2,12020,7Y 9M,100,BO15LVX,M,Yes,Group 2,high,UK
499.9,36,"£20,100",1,11590,4Y 5M,50,TL68DLO,male,No,Group 2,low,UK
268.64,19,"£6,500",1,8250,14Y 1M,100,KZ9EOL,F,No,Group 1,normal,UK
233.9,59,£26K,0,4750,1Y 6M,150,CC71WYH,F,Yes,Group 2,normal,UK
290.06,49,£14.8K,1,12900,4Y 4M,50,PC68MHB,male,No,Group 1,low,UK
257.89,34,£6.9K,4,18790,6Y 6M,350,AV66YEQ,male,No,Group 2,low,UK
152.96,79,£23.9K,0,5130,2Y 1M,100,NN21ZOI,female,Yes,Group 1,low,UK
229.61,73,£5.4K,0,9080,15Y 2M,0,BJ8IWS,M,No,Group 2,normal,UK
414.98,33,"£18,900",2,10800,6Y 7M,250,TO66JOY,M,Yes,Group 2,high,UK
383.93,49,£6.2K,1,12760,10Y 1M,100,YC13YRU,M,No,Group 1,high,UK
440.34,56,£15.8K,1,13470,3Y 11M,100,UD19MUP,male,No,Group 1,normal,UK
280.64,43,£21.8K,1,15350,4Y 0M,250,SK19FKW,female,Yes,Group 2,normal,UK
399.52,32,£36K,1,11010,3Y 1M,150,KL20YCG,female,Yes,Group 2,normal,UK
274.76,45,£36.2K,1,10730,3Y 5M,150,DV69ZZL,M,Yes,Group 2,normal,UK
259.45,75,£12.6K,0,5320,5Y 2M,100,KH18JLE,M,Yes,Group 2,high,UK
301.57,57,"£42,300",0,5550,2Y 9M,100,YB20LJQ,female,Yes,Group 3,low,UK
315.69,37,£42.5K,0,9640,3Y 8M,150,HY69HCP,male,Yes,Group 2,normal,UK
291.38,37,£2.7K,1,6050,12Y 10M,150,NU10LBT,F,No,Group 1,high,UK
281.57,65,£15.2K,0,6600,8Y 3M,50,GD15GVX,female,Yes,Group 2,,UK
444.9,60,£5.8K,1,10870,12Y 1M,0,AM11RQF,male,No,Group 1,high,UK
330.64,45,"£2,900",1,7960,10Y 5M,250,ZR62IEI,F,No,Group 2,high,UK
466.53,20,"£20,200",2,10430,5Y 11M,150,NI17GQF,M,No,Group 2,normal,UK
164.67,71,"£10,900",0,11810,7Y 6M,150,XL65UIR,M,Yes,Group 2,normal,UK
195.44,52,"£12,500",1,11990,6Y 1M,150,OZ17WLT,F,Yes,Group 1,normal,UK
323.43,38,£9.6K,0,11370,6Y 4M,100,BS66UCU,female,No,Group 1,normal,UK
165.87,60,£5.2K,0,9470,5Y 7M,200,UH67YKQ,F,No,Group 1,low,UK
362.4,56,£42.2K,0,7820,1Y 3M,200,QH22DMR,F,Yes,Group 3,high,UK
264.97,59,"£14,800",0,8190,8Y 8M,100,BY64CYV,F,Yes,Group 2,normal,UK
150.32,66,£6.3K,0,7930,8Y 6M,350,IS64OHD,F,Yes,Group 1,normal,UK
243.78,40,"£20,300",0,11250,3Y 6M,150,BR69QVX,F,Yes,Group 1,normal,UK
324.14,60,"£9,600",0,8390,3Y 7M,200,QH69HVM,F,No,Group 2,normal,UK
318.01,25,"£10,100",2,14170,7Y 6M,150,OX65UYS,M,No,Group 1,normal,UK
244.02,41,"£15,400",1,,4Y 4M,150,LN68EWS,female,Yes,Group 2,low,UK
294.48,48,"£2,500",2,13340,8Y 3M,300,NS15ZGF,female,No,Group 1,high,UK
242.33,44,£9.8K,1,10820,7Y 3M,300,BE16ZEJ,F,Yes,Group 2,high,UK
207.61,65,"£32,400",0,7570,1Y 5M,50,VI71ODP,M,Yes,Group 2,low,UK
334.31,50,"£17,900",1,10370,5Y 0M,100,QO18WDS,male,Yes,Group 1,normal,UK
228.37,39,£9.7K,0,13840,2Y 7M,300,RF70LSR,F,No,Group 1,low,UK
364.67,63,"£11,200",1,9270,14Y 1M,50,MB9WII,male,Yes,Group 3,normal,UK
473.55,58,"£32,000",1,8110,4Y 1M,150,KX19AAO,male,Yes,Group 3,high,UK
442.9,64,"£34,600",0,10480,2Y 3M,150,UY21FPX,F,Yes,Group 3,normal,UK
629.02,18,"£27,300",1,9570,3Y 11M,150,WY19JSW,female,No,Group 1,normal,UK
331.83,57,"£6,900",1,9500,10Y 1M,100,AQ13NPW,M,No,Group 2,normal,UK
224.42,55,"£21,900",0,9470,1Y 4M,150,YB71JMT,F,No,Group 1,low,UK
295.91,36,"£13,300",2,9400,11Y 11M,200,UV11MRL,M,Yes,Group 2,high,UK
255.71,74,£6K,0,5540,9Y 1M,50,IP14NIY,female,No,Group 2,normal,UK
160.07,42,£8.3K,0,3720,7Y 0M,150,RW16DUZ,F,No,Group 1,low,UK
373.21,58,"£7,600",0,3390,7Y 1M,100,LV16FPO,female,No,Group 2,high,UK
245.41,64,"£10,100",0,9180,4Y 3M,150,DO19LAH,F,Yes,Group 1,normal,UK
309.03,65,"£31,300",0,9750,3Y 4M,100,JP69DQF,F,Yes,Group 3,low,UK
330.24,27,"£23,100",3,16660,3Y 11M,400,ED19STB,male,Yes,Group 2,high,UK
555.18,23,"£13,100",2,11500,8Y 2M,150,BN15AZI,female,No,Group 1,high,UK
386.37,68,"£4,800",2,11840,7Y 1M,250,UL16AVW,F,No,Group 3,high,UK
183.44,73,"£18,600",0,10520,2Y 8M,200,VO70SPF,male,Yes,Group 2,low,UK
188.62,21,£13.8K,1,11070,4Y 3M,350,QD19FRK,female,No,Group 1,low,UK
316.02,72,"£9,700",2,15040,8Y 0M,150,EJ15JAB,M,Yes,Group 2,high,UK
229.98,31,"£6,800",1,,5Y 4M,150,PC67FYZ,F,No,Group 1,low,UK
472.94,60,"£12,900",0,9220,5Y 3M,100,DT18LUW,F,No,Group 2,normal,UK
185.33,74,"£14,300",0,12380,4Y 4M,150,MA68TDE,male,Yes,Group 2,low,UK
253.77,78,£11.9K,0,8600,4Y 10M,50,TM18ASP,F,No,Group 2,low,UK
397.86,34,£28.2K,3,10940,5Y 3M,250,EW18LTF,M,Yes,Group 2,high,UK
377.37,44,"£6,500",1,10210,7Y 7M,50,AO65PFN,M,No,Group 1,high,UK
467.32,43,£20.1K,0,4610,5Y 8M,0,KO67OIL,F,No,Group 1,normal,UK
394.03,22,"£40,800",0,5920,1Y 10M,100,NX21ENP,male,Yes,Group 1,high,UK
551.54,28,£14.1K,3,14710,7Y 2M,100,TX16AYL,M,No,Group 2,high,UK
223.71,45,"£7,200",1,13340,6Y 2M,300,LN17MJK,M,Yes,Group 1,high,UK
326.32,33,£24.1K,3,12350,7Y 5M,200,GF65GMT,M,Yes,Group 2,high,UK
330.7,47,£17.1K,3,14030,4Y 5M,250,NY68HVH,M,Yes,Group 2,high,UK
292.02,57,"£15,700",0,10090,4Y 1M,0,MY19OCI,male,No,Group 1,low,UK
365,36,£39.7K,1,15240,1Y 3M,350,ZF22HYJ,female,Yes,Group 3,low,UK
226.71,51,£13.7K,0,10940,4Y 8M,100,LE68IDD,male,No,Group 1,low,UK
169.15,41,£16.8K,0,6240,4Y 4M,200,HE68ZQG,F,Yes,Group 1,normal,UK
317.22,67,£17.5K,0,2990,3Y 5M,0,UO69MRR,M,No,Group 1,normal,UK
275.71,35,"£27,900",0,7720,2Y 5M,300,VG70XWD,F,Yes,Group 2,normal,UK
511.46,19,£12K,3,10430,10Y 0M,150,RV13BYR,M,No,Group 1,high,UK
360.59,55,"£16,800",1,10190,9Y 7M,100,BE63XVQ,F,Yes,Group 3,normal,UK
179.96,56,"£9,500",1,11080,6Y 1M,250,FS17OYR,F,Yes,Group 2,low,UK
210.35,47,"£2,400",2,10380,11Y 9M,100,IK11JOY,M,Yes,Group 1,high,UK
432.82,45,£18.9K,1,11420,3Y 7M,200,WT69DHZ,female,No,Group 2,normal,UK
179.52,60,"£21,400",0,8320,2Y 11M,150,EH20CLM,female,Yes,Group 1,normal,UK
256.82,60,"£12,300",0,7980,5Y 5M,100,PR67POK,female,No,Group 2,low,UK
218.1,79,£11.9K,0,3860,4Y 0M,50,AD19GNG,female,No,Group 2,low,UK
193,46,£20.9K,0,7900,3Y 10M,200,ZU19KTZ,F,Yes,Group 2,normal,UK
192.93,59,"£8,200",0,,9Y 4M,250,PK63FMU,female,Yes,Group 2,high,UK
252.33,43,£13K,0,9980,8Y 6M,200,HZ64IQP,F,Yes,Group 2,normal,UK
489.72,42,£32.8K,2,16240,3Y 10M,100,NV19LAU,male,Yes,Group 2,normal,UK
358.82,48,£31.5K,2,13350,7Y 4M,200,JF65LHP,M,Yes,Group 3,high,UK
289.49,53,"£8,100",1,10830,8Y 5M,150,LM64AVO,M,Yes,Group 2,normal,UK
227.82,32,"£30,000",0,,2Y 11M,200,NU20YRR,female,Yes,Group 2,low,UK
251.19,32,"£28,900",1,8240,1Y 11M,200,ZK21IAZ,M,Yes,Group 1,low,UK
297.66,36,£3.8K,2,9350,6Y 6M,250,PW66TUJ,female,No,Group 1,high,UK
243.63,61,"£16,900",0,9550,10Y 10M,0,JN12RAD,male,Yes,Group 2,low,UK
466.71,33,"£21,100",2,9050,3Y 3M,150,PI20FXC,M,No,Group 2,normal,UK
337.42,31,£9.1K,2,11460,8Y 10M,150,WC14IVW,male,No,Group 2,normal,UK
243.87,58,"£4,800",0,5150,9Y 6M,0,WB63YJC,F,No,Group 1,normal,UK
205.89,52,£4.9K,0,8950,9Y 10M,200,CK13KSH,F,Yes,Group 2,normal,UK
469.81,48,"£26,100",1,15010,2Y 9M,200,ZF20KLF,M,Yes,Group 2,normal,UK
196.16,60,"£22,400",0,5820,5Y 11M,100,LV17NWZ,female,Yes,Group 2,low,UK
367.18,79,"£7,300",1,16600,5Y 1M,100,NG18RCC,M,Yes,Group 2,high,UK
317.87,49,"£32,200",0,12050,4Y 8M,200,OG68FRI,M,Yes,Group 3,low,UK
668.88,22,£28.8K,4,18610,7Y 5M,100,RX65HRI,male,No,Group 2,normal,UK
165.6,85,£6.7K,0,5480,5Y 3M,100,PX18FOW,F,Yes,Group 2,low,UK
257.56,64,"£13,300",0,8180,6Y 4M,50,PC66RJW,female,Yes,Group 2,low,UK
368.79,34,£15.3K,1,8870,5Y 10M,250,TV17MOP,male,Yes,Group 2,high,UK
560.9,20,£21.7K,2,11860,5Y 1M,100,MN18BKV,M,No,Group 1,normal,UK
451.02,65,£6.2K,1,13040,12Y 7M,100,PM60CQY,F,Yes,Group 2,high,UK
203.48,77,"£7,500",0,9980,7Y 2M,200,TX16YJU,F,Yes,Group 3,,UK
506.66,21,£35.6K,2,15370,2Y 6M,300,JM70LBZ,male,No,Group 2,normal,UK
244.52,83,"£10,900",0,5620,6Y 1M,0,JE17HMS,F,Yes,Group 2,normal,UK
223.92,74,£14.1K,0,9530,4Y 6M,50,JP68MRC,M,No,Group 1,low,UK
395.03,76,"£12,300",0,11500,7Y 6M,0,VX65GPQ,male,Yes,Group 2,normal,UK
567.53,25,£7.8K,3,11660,8Y 0M,200,XI15VUO,male,No,Group 1,high,UK
309.15,34,"£12,700",1,9090,7Y 3M,250,SY16WRV,male,No,Group 1,high,UK
385.41,31,"£4,000",1,9420,8Y 9M,200,BN14GQB,F,No,Group 1,high,UK
378.74,23,"£7,300",4,14700,6Y 8M,200,QW66XZM,M,No,Group 1,high,UK
313.91,23,£4.7K,2,12550,9Y 9M,100,VC13RKD,M,No,Group 1,low,UK
193.57,72,"£22,800",0,9350,1Y 4M,200,NN71SZH,M,Yes,Group 2,low,UK
534.1,26,£29.4K,1,7000,4Y 10M,50,KB18OCU,F,No,Group 2,normal,UK
256.83,61,"£17,500",1,11800,4Y 11M,150,UJ18ZYG,male,No,Group 2,low,UK
622.79,27,"£26,600",2,10760,7Y 9M,0,NI15HNL,M,No,Group 2,normal,UK
460.25,52,£18.6K,0,6660,2Y 7M,50,LG70OMG,F,No,Group 2,normal,UK
184.59,54,"£9,600",0,7450,6Y 10M,100,WE16WDM,F,No,Group 1,low,UK
258.77,37,"£32,400",1,12780,3Y 10M,200,MB19HLX,M,Yes,Group 2,,UK
264.65,26,£23.5K,1,14700,3Y 5M,250,SC69JZI,F,No,Group 2,low,UK
316.82,64,"£16,200",1,10200,4Y 11M,250,AB18WSH,F,Yes,Group 3,high,UK
225.13,56,"£16,700",0,4620,4Y 6M,150,HX68MHN,female,Yes,Group 2,normal,UK
203.63,67,"£19,900",0,8900,4Y 5M,150,PC68WCM,M,Yes,Group 2,normal,UK
390.55,35,£7.9K,0,5410,7Y 2M,100,RI16HKS,F,No,Group 1,high,UK
421.61,24,£15K,2,9520,11Y 5M,50,JU61GSL,male,No,Group 1,normal,UK
324.82,54,"£13,200",0,10080,3Y 4M,100,EO69MYI,female,No,Group 1,normal,UK
293.2,51,"£39,300",0,,1Y 1M,0,TC22VIN,M,No,Group 1,low,UK
157.08,72,£0.7K,0,3970,13Y 8M,100,RH59GYB,F,No,Group 1,normal,UK
358.08,25,"£12,500",1,9980,7Y 7M,150,BK65HWH,F,No,Group 1,high,UK
324.49,44,£7K,1,11070,7Y 9M,50,CF15RZF,M,Yes,Group 1,high,UK
422.93,28,"£45,000",2,,7Y 5M,150,FD65TME,M,Yes,Group 3,low,UK
491.34,23,"£27,000",1,13310,5Y 5M,100,PS67IQX,male,No,Group 2,low,UK
335.19,19,"£15,700",0,4750,7Y 0M,50,CO16YZG,F,No,Group 1,low,UK
443.15,34,£14.3K,2,12860,10Y 7M,150,WU62RHQ,female,Yes,Group 2,high,UK
284.61,27,£11.2K,1,8430,8Y 7M,100,RP64VSX,F,No,Group 2,low,UK
248.24,30,£13.9K,0,,6Y 0M,100,UG17GWK,female,No,Group 1,low,UK
246.16,67,"£15,500",0,8200,4Y 1M,100,HS19YEA,male,Yes,Group 2,low,UK
239.77,28,"£22,100",0,9780,7Y 5M,100,GY65LHG,F,No,Group 2,low,UK
301.55,39,"£26,200",1,10660,5Y 6M,250,WU67CTI,female,Yes,Group 3,normal,UK
185.23,46,£6.3K,1,13640,8Y 5M,250,LW64SPJ,M,No,Group 1,normal,UK
420.82,53,£41.2K,1,6320,2Y 5M,100,BA70RAS,male,Yes,Group 3,normal,UK
224.71,28,"£22,700",1,12400,6Y 5M,150,OT66QFR,M,No,Group 2,low,UK
374.14,46,£9.5K,1,13090,9Y 8M,50,XF63AFH,M,Yes,Group 1,high,UK
245.64,53,"£12,700",1,11520,4Y 5M,250,ZC68WFF,F,Yes,Group 2,normal,UK
513.3,52,"£4,200",3,13420,13Y 4M,150,MR59JMY,male,No,Group 2,high,UK
283.41,24,"£12,300",1,10050,8Y 8M,150,KY64MJH,female,Yes,Group 1,normal,UK
226.36,57,"£27,100",0,8190,3Y 9M,50,PG19DXI,M,No,Group 2,low,UK
209.1,45,£12.1K,1,10580,7Y 0M,250,HF16TPQ,F,Yes,Group 2,low,UK
415.8,51,"£13,800",1,9950,4Y 6M,150,JW68GQT,M,No,Group 2,normal,UK
235.77,44,£15.5K,0,9070,4Y 2M,150,LZ19UQX,male,Yes,Group 1,high,UK
301.67,45,"£16,700",1,10140,3Y 10M,200,TB19DGA,M,No,Group 2,low,UK
364.42,31,£24.6K,1,6930,1Y 6M,300,BB71WXN,female,Yes,Group 1,high,UK
339.46,43,"£16,400",2,14530,4Y 3M,300,ZT19TDL,male,Yes,Group 2,high,UK
158.39,30,"£9,400",1,13580,3Y 2M,200,LF20IKT,F,Yes,Group 1,low,UK
235.08,30,£8.4K,0,12710,6Y 10M,150,RR16LEW,F,No,Group 1,normal,UK
198.92,40,£24.6K,0,9960,2Y 4M,150,QH70YEH,M,Yes,Group 1,low,UK
196.69,66,£12.2K,0,5450,6Y 0M,100,PY17KMH,male,Yes,Group 1,,UK
171.97,59,"£26,900",0,7290,4Y 0M,100,PK19WXF,F,Yes,Group 2,low,UK
330.69,32,"£32,100",0,8880,3Y 0M,100,NQ20NSO,M,Yes,Group 1,normal,UK
548.11,50,"£26,100",0,8840,8Y 0M,50,PZ15UHV,male,Yes,Group 3,high,UK
390.44,33,£34.7K,1,12900,4Y 0M,150,JS19JEM,M,No,Group 3,low,UK
348.89,81,"£38,400",0,5730,3Y 2M,0,WE20LTV,F,Yes,Group 3,normal,UK
235.74,71,£6.9K,0,8610,3Y 5M,50,HK69URA,male,No,Group 1,normal,UK
160.42,54,"£9,100",0,11200,5Y 0M,300,TE18OPU,F,Yes,Group 1,low,UK
217.06,61,"£24,500",0,11470,1Y 11M,100,DH21OAJ,male,Yes,Group 1,low,UK
264.72,39,"£7,800",1,11600,7Y 4M,200,GO65HUD,F,No,Group 1,high,UK
313.52,62,£2.4K,1,14190,9Y 4M,100,EV63URE,male,No,Group 1,high,UK
363.99,66,"£45,200",0,6200,0Y 2M,350,SI23YLZ,F,Yes,Group 3,normal,UK
161.92,79,"£3,800",0,2680,5Y 8M,0,ME67BJC,M,No,Group 1,low,UK
354.53,19,£12.4K,1,10770,9Y 3M,100,WP14NER,female,No,Group 1,normal,UK
432.66,37,"£14,600",1,7940,6Y 6M,150,WL66YBG,female,Yes,Group 2,high,UK
249.26,46,"£23,400",0,7580,3Y 10M,150,JV19OAY,F,Yes,Group 2,normal,UK
309.8,71,£19.9K,0,7140,3Y 3M,150,ZO20ENB,female,Yes,Group 3,low,UK
355.22,49,"£25,300",0,5840,1Y 7M,150,GL71UOP,F,Yes,Group 2,normal,UK
276.07,35,"£26,200",0,,0Y 10M,300,ZA22INT,F,Yes,Group 1,normal,UK
452.38,55,"£40,300",1,14020,3Y 1M,150,JN20HIR,female,Yes,Group 3,normal,UK
502.64,24,"£28,800",2,,4Y 9M,150,WB18ENG,male,Yes,Group 2,normal,UK
246.27,67,"£4,400",0,6230,13Y 2M,100,WW10VVC,female,Yes,Group 2,normal,UK
312.53,60,£19.1K,2,12060,8Y 11M,100,HT14BQD,female,Yes,Group 3,normal,UK
547.11,30,£4.5K,2,9960,10Y 8M,50,IZ62VPT,male,No,Group 1,normal,UK
181.9,70,"£10,100",0,10620,5Y 9M,250,EQ17PJE,M,Yes,Group 2,,UK
196.52,44,"£11,700",0,15960,1Y 7M,350,ZS71NSY,female,No,Group 1,low,UK
171.33,73,"£7,400",0,5580,6Y 4M,50,GT66FYC,M,Yes,Group 1,low,UK
325.77,53,"£23,500",1,13320,3Y 11M,150,SS19WBH,M,Yes,Group 2,low,UK
374.69,78,"£17,300",0,4430,4Y 1M,50,VA19TEU,male,Yes,Group 2,normal,UK
251.94,30,£23.5K,0,3420,4Y 9M,150,AD18VHJ,F,Yes,Group 2,normal,UK
193.82,73,"£2,000",0,9980,14Y 2M,100,GQ9JKQ,M,No,Group 1,high,UK
365.26,39,"£12,300",1,13380,5Y 8M,100,BZ67MXE,F,No,Group 1,normal,UK
160.81,64,"£13,600",0,5360,7Y 1M,100,BM16LLU,female,Yes,Group 2,low,UK
332.94,53,£27.3K,0,7840,5Y 2M,50,HR18EQV,F,Yes,Group 3,low,UK
192.04,71,£13K,0,9770,10Y 7M,100,XI62LVM,M,Yes,Group 2,low,UK
198.54,55,£8.6K,0,7530,8Y 5M,100,XD64FZH,F,Yes,Group 2,,UK
315.64,61,£13.4K,2,11140,8Y 3M,200,PC15TFK,M,Yes,Group 3,normal,UK
370.91,43,"£28,100",1,8270,7Y 0M,150,IL16AEB,female,Yes,Group 3,high,UK
214.04,38,£27.6K,1,8530,2Y 7M,300,SK70FYK,M,Yes,Group 2,normal,UK
315.72,26,"£17,400",1,9220,3Y 7M,350,OT69BZA,F,No,Group 2,normal,UK
257.74,42,"£13,600",0,6410,7Y 7M,150,IT65OPT,F,No,Group 2,normal,UK
186.95,65,"£6,800",0,1650,7Y 7M,50,UN65RIB,F,Yes,Group 1,high,UK
316.46,35,£31.3K,2,15580,2Y 7M,350,XL70DWS,M,Yes,Group 2,normal,UK
322.88,59,"£26,600",0,9690,4Y 1M,50,NK19NNL,M,Yes,Group 2,low,UK
342.93,70,£38.7K,0,11090,1Y 6M,100,GE71WNH,M,Yes,Group 3,normal,UK
203.73,40,"£11,600",1,14680,8Y 2M,400,UT15SUG,F,Yes,Group 2,normal,UK
272.49,22,£12.1K,2,12220,11Y 1M,100,EQ12KJE,M,Yes,Group 1,low,UK
428.56,36,£14.8K,1,9560,7Y 0M,100,OQ16QVO,F,No,Group 2,normal,UK
313.6,35,£7K,2,12370,12Y 0M,100,PU11HZU,M,Yes,Group 1,high,UK
335.84,31,"£14,000",0,9870,3Y 5M,50,AH69JYE,female,No,Group 1,normal,UK
353.36,65,"£18,900",0,11730,1Y 5M,50,PP71PDF,F,No,Group 1,low,UK
261.49,34,£5.2K,1,7700,6Y 10M,150,DI16AXW,F,No,Group 1,normal,UK
362.84,26,"£14,500",1,13860,9Y 1M,100,DY14JMU,M,No,Group 2,low,UK
198.71,38,"£11,400",0,5530,6Y 11M,100,OD16LKN,M,No,Group 1,low,UK
214.86,81,£17.8K,0,8670,10Y 0M,150,IT13TAP,female,Yes,Group 3,high,UK
232.04,37,"£15,200",1,15170,3Y 6M,400,YN69LQB,female,Yes,Group 2,normal,UK
433.61,25,£36.6K,1,10830,2Y 5M,150,CN70UXB,F,No,Group 2,low,UK
196.45,61,£12.1K,0,6800,3Y 7M,150,IL69USH,female,No,Group 1,low,UK
301.65,38,"£5,000",2,11210,6Y 0M,200,SS17DCB,M,No,Group 1,high,UK
380.17,33,"£23,200",0,8100,3Y 0M,150,VX20TRV,female,No,Group 2,low,UK
338.13,63,£14.5K,0,8590,3Y 7M,100,KG69TDV,M,Yes,Group 1,high,UK
492.41,36,£9.3K,2,11090,5Y 0M,100,JD18OZW,male,No,Group 1,high,UK
422.52,18,"£48,800",2,12090,4Y 0M,150,HS19OSE,male,Yes,Group 2,low,UK
230.35,47,"£33,600",0,7110,3Y 7M,150,ZW69ZJP,F,Yes,Group 2,low,UK
396.92,48,"£26,800",1,16090,3Y 5M,150,RC69AHI,M,Yes,Group 2,normal,UK
181.26,68,£9.3K,0,,8Y 0M,150,NL15ZWY,M,Yes,Group 2,low,UK
337.3,55,£18.3K,0,8700,4Y 9M,50,GS18UFZ,M,Yes,Group 1,high,UK
227.38,39,£5.3K,2,12910,12Y 7M,250,WN60XMA,M,No,Group 2,normal,UK
430.27,33,£38.2K,0,9340,1Y 2M,50,OG22ERZ,M,No,Group 1,low,UK
259.71,75,£14.9K,0,6230,3Y 4M,200,TJ69RCJ,F,Yes,Group 2,normal,UK
216.97,45,£50K,0,9340,1Y 0M,200,KW22XHN,M,Yes,Group 2,normal,UK
356.99,20,"£7,600",3,15730,9Y 9M,150,NK13LKS,M,No,Group 1,normal,UK
356.72,52,"£5,700",1,,9Y 6M,100,TC63KQL,F,No,Group 2,high,UK
183.71,44,£22.2K,0,7850,4Y 10M,100,VX18OLI,M,Yes,Group 2,low,UK
228.99,77,"£13,500",0,9120,5Y 7M,100,AD67ZIN,male,Yes,Group 2,normal,UK
416.29,23,"£22,100",2,9910,5Y 4M,250,PL67YUU,female,Yes,Group 2,high,UK
282.69,68,£2K,1,12760,7Y 11M,200,VO15VOC,male,No,Group 1,high,UK
194.95,49,"£17,700",0,5600,7Y 5M,100,GP65NAD,M,Yes,Group 1,normal,UK
351.98,35,£14K,0,7640,5Y 11M,100,JT17KVO,F,No,Group 1,normal,UK
353.82,64,£7.8K,1,12850,7Y 11M,250,FQ15ZCA,female,Yes,Group 2,high,UK
337.35,36,"£9,400",3,16730,11Y 6M,250,GD61WQE,M,Yes,Group 2,high,UK
319.17,46,£37.3K,0,6200,3Y 4M,150,YJ69BPT,F,No,Group 3,low,UK
199.35,35,£11.5K,0,8740,10Y 5M,150,DG62OFN,M,Yes,Group 1,normal,UK
505.8,35,£31.2K,1,12700,5Y 2M,50,RK18MIH,male,No,Group 2,low,UK
303.88,69,"£14,100",0,8330,8Y 5M,0,NE64XEK,male,Yes,Group 2,normal,UK
549.42,54,"£45,100",1,15220,4Y 1M,50,GG19YUF,M,Yes,Group 3,normal,UK
403.84,32,£16.3K,2,9610,12Y 9M,100,QS10MLI,M,Yes,Group 2,high,UK
286.27,82,"£17,700",0,4780,6Y 2M,50,EI17HTA,female,Yes,Group 3,normal,UK
283.54,63,"£37,200",1,11740,1Y 7M,300,DD71THH,male,Yes,Group 3,low,UK
161.8,79,£24.8K,0,12350,2Y 11M,300,CW20BYI,M,Yes,Group 3,low,UK
204.6,67,"£31,000",0,5810,4Y 6M,150,QX68ITV,female,Yes,Group 3,normal,UK
234.55,40,"£10,800",1,10180,9Y 5M,200,XQ63BJQ,F,Yes,Group 2,high,UK
287.22,54,"£8,600",1,9090,7Y 2M,250,ND16BJU,female,Yes,Group 2,high,UK
205.51,48,£7.3K,1,12960,9Y 0M,200,YC14MQD,F,Yes,Group 2,normal,UK
278.37,33,£23.6K,3,13230,7Y 5M,300,HX65RDH,M,Yes,Group 2,high,UK
284.18,40,"£16,900",1,9560,8Y 9M,50,ZS14DCP,male,Yes,Group 1,,UK
276.78,41,"£15,200",0,6080,14Y 10M,0,UM8WWZ,F,Yes,Group 2,normal,UK
193.68,49,"£12,800",1,16020,5Y 10M,350,UK17VBM,female,Yes,Group 2,normal,UK
248.39,47,£32.2K,0,8820,6Y 4M,100,UE66YRP,M,Yes,Group 2,low,UK
327.81,32,"£8,400",0,6960,6Y 6M,100,TV66GAI,female,No,Group 1,normal,UK
226.45,73,£3.2K,0,7410,8Y 7M,0,KH64UON,M,No,Group 1,high,UK
198.43,24,£3.6K,1,9380,10Y 11M,250,QU12UVQ,female,No,Group 1,normal,UK
262.8,30,"£10,400",1,12400,6Y 8M,100,TC66PES,female,No,Group 1,low,UK
313.54,74,£12.2K,0,9080,7Y 2M,50,CQ16NPX,F,Yes,Group 2,normal,UK
250.4,21,"£28,900",0,12210,2Y 5M,150,IG70EUV,F,No,Group 1,low,UK
258,68,£13.2K,0,8810,3Y 10M,200,LW19ZNN,F,Yes,Group 2,high,UK
213.75,44,"£18,400",0,9480,3Y 2M,150,XX20KNC,male,Yes,Group 1,low,UK
286.61,53,"£13,700",1,8090,7Y 5M,200,AW65SBJ,female,Yes,Group 2,high,UK
390.28,31,"£51,700",1,8630,1Y 10M,100,WJ21RVY,M,Yes,Group 2,normal,UK
259.91,31,"£19,400",0,7460,5Y 0M,200,HS18YXS,female,Yes,Group 1,high,UK
239.87,54,£13K,1,13230,8Y 7M,150,VY64BKO,M,Yes,Group 2,normal,UK
339.8,27,"£38,500",1,,5Y 4M,150,BS67UFW,M,Yes,Group 2,normal,UK
280.63,48,£40K,0,9970,1Y 3M,250,AV22MJM,F,Yes,Group 2,normal,UK
356.11,35,"£26,500",0,10750,5Y 11M,50,AJ17RSE,M,No,Group 2,low,UK
525.61,47,"£59,000",0,8820,0Y 8M,200,PR72RQX,M,Yes,Group 3,low,UK
177.67,55,"£2,900",0,8060,12Y 6M,100,DG60MGG,F,No,Group 1,low,UK
465.05,53,£9.6K,1,10000,7Y 11M,50,XO15KWF,male,No,Group 1,normal,UK
227.14,44,£23.6K,1,9030,2Y 6M,150,IS70EDH,F,Yes,Group 2,low,UK
175.51,47,"£14,600",0,9290,2Y 11M,250,AJ20IJS,female,Yes,Group 1,low,UK
174.77,72,£12.9K,0,5220,6Y 3M,200,AR17BCO,female,Yes,Group 2,normal,UK
356.16,85,£21.1K,0,10300,1Y 8M,50,NN71CBR,male,Yes,Group 3,low,UK
192.22,60,"£24,600",0,8280,4Y 6M,100,AL68FVG,F,Yes,Group 2,low,UK
205.17,58,"£5,700",0,8150,6Y 1M,150,LM17JRR,F,Yes,Group 1,normal,UK
472.12,25,"£36,500",2,13230,3Y 0M,450,FM20NXB,F,Yes,Group 2,high,UK
324.02,79,£14.6K,0,6160,6Y 1M,50,UN17OIJ,F,Yes,Group 3,low,UK
299.3,36,"£23,600",2,15410,5Y 6M,250,CR67QGD,M,Yes,Group 2,low,UK
390.62,29,£7.9K,1,8870,8Y 10M,150,KV14DPZ,F,No,Group 1,high,UK
254.17,57,"£15,900",0,5880,2Y 7M,150,IH70XQT,female,Yes,Group 1,high,UK
289.12,56,£9.3K,0,8610,8Y 4M,50,LR64TFM,female,No,Group 2,normal,UK
330.15,61,"£8,500",0,6910,8Y 4M,50,HZ64LEA,M,No,Group 1,high,UK
459.7,33,"£26,000",0,7170,6Y 1M,0,AL17XIZ,female,Yes,Group 2,normal,UK
305.93,41,"£29,500",0,8070,7Y 0M,150,BB16JHX,female,Yes,Group 3,low,UK
331.13,19,"£24,600",1,10810,5Y 8M,250,HQ67IPA,F,No,Group 1,normal,UK
239.52,55,"£17,800",0,9570,6Y 7M,150,AE66TSB,M,Yes,Group 2,low,UK
166.85,82,"£2,200",0,6560,10Y 7M,0,QA62ZUL,M,No,Group 1,low,UK
297.7,68,£17.5K,0,9760,2Y 3M,250,LT21IGY,male,Yes,Group 2,high,UK
158.55,71,"£12,600",0,11500,6Y 1M,250,JQ17MXD,F,Yes,Group 2,low,UK
408.77,23,"£16,700",1,13150,6Y 6M,100,TZ66LUG,F,No,Group 1,high,UK
195.97,44,£18.3K,1,10630,4Y 6M,250,GR68KZY,female,Yes,Group 2,low,UK
239.49,53,"£15,300",0,6420,3Y 9M,50,YP19JPF,F,No,Group 1,low,UK
221.37,73,"£8,700",0,11380,6Y 11M,150,LX16FCX,M,Yes,Group 1,high,UK
290.66,60,"£17,100",2,14050,6Y 3M,150,NH17EMD,M,Yes,Group 2,normal,UK
210.97,80,£24.7K,0,6090,4Y 11M,50,NV18CZG,male,Yes,Group 3,low,UK
225.06,44,"£13,400",1,11300,3Y 11M,200,DC19EGV,male,Yes,Group 1,normal,UK
178.18,53,£16.3K,0,9090,6Y 7M,150,QU66OCO,female,Yes,Group 2,,UK
311.56,68,£34.1K,0,12760,2Y 3M,250,VI21CWO,female,Yes,Group 3,normal,UK
376.69,51,£13.7K,1,10270,4Y 9M,150,AM18DPD,M,Yes,Group 1,high,UK
411.35,31,£17.9K,1,7590,5Y 9M,100,CQ17UFL,male,No,Group 1,normal,UK
600.84,23,"£43,300",2,10110,3Y 8M,200,YO69HLL,F,No,Group 3,normal,UK
330.74,34,"£21,100",0,12940,1Y 4M,150,ZP71VEN,F,No,Group 1,low,UK
184.54,77,"£9,200",0,12250,5Y 3M,300,VO18KVZ,M,Yes,Group 2,low,UK
544.49,21,"£32,900",2,14280,3Y 8M,150,ED69XML,M,No,Group 1,normal,UK
417.22,67,"£7,800",0,9200,5Y 10M,50,SX17YVU,female,No,Group 2,normal,UK
358.98,31,"£40,300",1,11170,2Y 2M,200,VL21FBD,M,Yes,Group 2,normal,UK
366.54,45,"£24,700",2,12430,4Y 6M,200,RQ68VWB,M,Yes,Group 3,normal,UK
249.81,30,£19.6K,2,9650,4Y 0M,400,YS19PLH,F,Yes,Group 2,high,UK
311.44,21,"£7,400",2,12600,8Y 11M,300,YY14MIR,male,No,Group 1,high,UK
271.06,30,£18.2K,0,8970,2Y 3M,250,CS21MRL,female,No,Group 1,low,UK
191.66,56,"£24,100",0,6940,3Y 0M,200,MN20LMX,female,Yes,Group 2,low,UK
275.99,38,£5.1K,1,,12Y 0M,50,NI11FLC,female,No,Group 1,normal,UK
182.13,63,"£10,900",1,12150,4Y 2M,400,AG19ZWO,F,Yes,Group 2,normal,UK
409.46,45,"£9,500",1,13200,10Y 11M,50,HZ12RKH,F,No,Group 2,normal,UK
190.99,41,"£5,700",0,12150,4Y 7M,250,ZC68GTW,F,No,Group 1,low,UK
300.42,36,"£13,800",1,10090,5Y 4M,200,TN67GPN,male,Yes,Group 1,high,UK
254.64,40,"£8,300",0,3360,8Y 1M,0,VY15RFG,F,No,Group 1,normal,UK
474.53,30,£29.4K,2,15220,2Y 3M,300,HE21JDI,M,Yes,Group 2,high,UK
427,31,£4.8K,3,10460,12Y 11M,200,LP10HFQ,male,No,Group 2,high,UK
366.95,59,£36.8K,0,7750,1Y 8M,100,VO71OSU,F,Yes,Group 3,normal,UK
345.67,53,"£21,600",1,9350,4Y 1M,250,FH19CJX,F,Yes,Group 3,normal,UK
350.66,74,"£18,900",0,8200,6Y 10M,50,KN16WJQ,M,Yes,Group 2,high,UK
224.8,57,£12.5K,0,7650,11Y 11M,0,TX11MGQ,M,No,Group 2,low,UK
170.37,83,"£9,700",0,3190,3Y 8M,150,QN69RZD,F,Yes,Group 2,normal,UK
227.87,50,"£10,900",1,,9Y 9M,50,VF13YDG,male,No,Group 1,low,UK
217.54,36,£12.1K,1,11490,5Y 2M,250,UW18IUL,F,Yes,Group 1,high,UK
466.81,30,"£11,200",3,12610,11Y 6M,50,XX61KUA,M,Yes,Group 2,normal,UK
160.75,75,"£2,400",0,9490,8Y 4M,150,BV64BGS,F,Yes,Group 1,normal,UK
212.99,43,£31.2K,0,8060,2Y 6M,200,DW70VVS,female,Yes,Group 2,low,UK
292.18,41,£6.4K,2,15180,11Y 11M,200,MH11IDM,M,No,Group 2,low,UK
377.84,44,"£15,700",1,11220,6Y 9M,50,NA16YPW,female,No,Group 2,low,UK
284.09,59,£19.2K,1,11290,5Y 9M,150,GD17QXB,male,Yes,Group 3,low,UK
348.31,73,£33.6K,0,10850,2Y 8M,50,NP70FUQ,male,Yes,Group 3,low,UK
384.3,48,"£25,900",0,9100,4Y 7M,100,TM68WPX,M,No,Group 2,normal,UK
379.9,75,"£17,100",0,10850,7Y 3M,0,KT16KPC,male,Yes,Group 2,high,UK
261.26,27,"£42,700",1,10810,0Y 10M,350,LN22RMA,F,Yes,Group 2,low,UK
274.04,49,"£19,900",0,8780,7Y 9M,50,UF15VUE,M,No,Group 2,low,UK
438.51,33,£14.5K,1,14920,7Y 11M,50,LJ15QAD,M,No,Group 1,normal,UK
566.69,37,"£35,200",1,,0Y 10M,100,CA22YLY,male,No,Group 2,low,UK
487.06,79,"£7,700",3,17010,9Y 10M,100,US13QVY,male,Yes,Group 3,high,UK
243.01,45,£32.8K,0,10820,2Y 11M,150,TW20SDI,female,Yes,Group 2,low,UK
227.2,72,"£9,800",1,9460,3Y 3M,250,EQ20PIO,M,Yes,Group 2,high,UK
227.66,42,£8K,1,10810,11Y 1M,100,QS12PBR,F,No,Group 1,low,UK
311.38,21,"£52,200",3,13260,2Y 1M,300,GE21OWC,M,Yes,Group 3,low,UK
171.79,45,£1.5K,1,13040,12Y 8M,200,NU60BDO,M,No,Group 1,normal,UK
272.84,43,£26.7K,1,12490,3Y 2M,200,NO20OZN,M,Yes,Group 2,low,UK
215.71,26,£6.8K,2,12440,3Y 0M,350,MH20EAV,male,No,Group 1,low,UK
370.08,42,£3.2K,2,9980,10Y 8M,0,SI62LUU,M,No,Group 1,high,UK
285.59,58,£24.1K,0,12250,3Y 3M,100,OO20FHC,M,Yes,Group 2,low,UK
594.87,40,"£23,100",3,19300,7Y 7M,150,KL65ZZO,M,No,Group 3,low,UK
166.26,60,"£4,200",0,11680,8Y 0M,350,SV15SFY,female,Yes,Group 1,normal,UK
196.91,68,"£20,100",0,6800,6Y 8M,50,MA66VIC,male,Yes,Group 2,low,UK
275.45,35,"£29,600",1,11470,3Y 11M,150,ZX19RPG,F,Yes,Group 2,low,UK
435.73,28,"£4,600",3,14940,9Y 5M,250,KC63UUZ,M,No,Group 1,high,UK
408.32,40,£4.5K,1,8160,13Y 3M,0,UA10SDL,female,No,Group 1,normal,UK
291.86,54,£17K,1,11030,4Y 2M,150,ZU19BBZ,M,Yes,Group 2,high,UK
445.44,40,"£2,400",1,9960,9Y 10M,50,GH13DVL,male,No,Group 1,high,UK
181.1,31,"£2,600",2,10970,9Y 9M,200,WA13KAE,M,No,Group 1,low,UK
476.61,41,"£21,500",0,6920,7Y 0M,0,BO16BMB,F,No,Group 2,normal,UK
540.92,39,£30.1K,1,11120,3Y 8M,100,ZF69MHV,M,Yes,Group 2,high,UK
356.95,78,"£17,300",0,11260,5Y 5M,100,GZ67REJ,male,Yes,Group 3,high,UK
181.39,52,"£3,800",0,10570,7Y 0M,100,VU16XKD,male,No,Group 1,low,UK
399,32,£15.3K,1,6990,7Y 3M,50,KZ16JTL,M,No,Group 1,high,UK
163.73,52,£6.6K,1,8210,7Y 8M,300,BP65AOL,female,Yes,Group 1,normal,UK
203.29,59,£14.2K,0,3990,9Y 11M,100,QD13ALM,F,Yes,Group 2,normal,UK
204.23,31,"£15,700",1,9800,7Y 0M,250,FQ16KDY,female,Yes,Group 1,high,UK
295.46,42,£19.7K,0,5730,2Y 6M,150,ET70TXK,F,No,Group 2,low,UK
262.74,28,£8K,2,13030,10Y 7M,100,AT62GXF,M,No,Group 1,low,UK
194.27,63,"£15,200",1,12120,4Y 1M,250,DI19XOO,male,Yes,Group 2,high,UK
174.77,58,"£2,300",0,11250,6Y 1M,100,FD17GLM,M,No,Group 1,normal,UK
362.21,19,"£15,300",2,15500,4Y 8M,250,GD68OJO,male,No,Group 1,low,UK
277.96,65,£4.8K,1,8960,9Y 8M,200,GG63EVM,F,Yes,Group 2,high,UK
552,45,£3.4K,2,13970,10Y 2M,150,IM13YVD,F,No,Group 2,high,UK
420.08,47,£17.9K,0,5620,5Y 11M,50,LP17BKA,female,Yes,Group 2,normal,UK
222.56,50,"£34,500",1,10970,3Y 3M,200,EW20UJR,M,Yes,Group 3,low,UK
379.14,43,£22.9K,1,9800,3Y 10M,150,NO19QSB,M,No,Group 2,normal,UK
347.58,19,"£16,900",1,12480,4Y 4M,250,MN68ELT,male,No,Group 1,normal,UK
610.03,26,£8.2K,4,16560,15Y 1M,200,LG8MKW,M,No,Group 2,high,UK
337.8,59,"£15,600",0,4770,4Y 11M,0,CN18NUP,F,Yes,Group 1,high,UK
254.68,29,£11.7K,1,8530,8Y 10M,0,CA14JTZ,M,No,Group 1,low,UK
361.71,36,£8.8K,2,13090,5Y 6M,250,NT67OQO,M,Yes,Group 1,high,UK
307.9,40,£7.4K,1,8990,11Y 6M,150,VX61FIZ,M,No,Group 2,high,UK
213,37,£7.9K,1,10820,6Y 6M,300,VS66NXU,F,No,Group 1,normal,UK
177.41,68,"£15,200",0,,2Y 4M,100,DU70MWS,male,Yes,Group 1,low,UK
295.55,65,"£4,900",0,10110,6Y 5M,200,RH66XNW,F,No,Group 1,high,UK
307.14,52,"£22,300",0,10350,4Y 7M,150,JH68UPA,F,Yes,Group 2,high,UK
323.76,44,"£15,700",0,6650,7Y 4M,50,BN65GSL,male,Yes,Group 1,high,UK
353.9,22,£27.3K,3,13740,6Y 2M,300,ML17KJF,M,Yes,Group 2,normal,UK
245.75,41,"£12,400",0,8120,4Y 10M,250,PA18UQV,F,Yes,Group 1,high,UK
182.84,72,"£9,300",0,7180,8Y 10M,50,VV14FFK,F,Yes,Group 1,normal,UK
360.84,36,"£16,500",1,9730,8Y 8M,150,CQ64UIX,F,Yes,Group 2,normal,UK
187.13,52,£13.4K,1,12220,8Y 0M,350,FN15APE,male,Yes,Group 2,high,UK
309.67,35,"£10,700",0,9930,3Y 8M,100,ZW69EWH,female,No,Group 1,low,UK
269.23,25,£40.1K,1,14050,2Y 9M,50,JP20YYC,M,Yes,Group 1,low,UK
150.5,83,£2.5K,0,8560,6Y 6M,250,AV66JGM,F,Yes,Group 1,low,UK
264.75,38,£16K,0,7480,5Y 11M,100,UH17ZXA,F,Yes,Group 1,normal,UK
332.86,42,"£12,500",1,6070,11Y 11M,0,TU11SXU,M,Yes,Group 2,,UK
329.26,41,£20.8K,1,14030,7Y 4M,50,YT65NOC,male,Yes,Group 2,normal,UK
251.6,68,"£36,100",0,15760,1Y 4M,200,XB71HYN,male,Yes,Group 2,low,UK
171.35,42,"£9,500",0,11520,5Y 10M,200,BR17LWI,F,Yes,Group 1,normal,UK
369.13,77,"£14,800",1,13870,10Y 0M,150,JQ13IHV,male,Yes,Group 3,high,UK
446.96,38,£12.5K,0,5110,7Y 10M,100,ZT15JDA,F,No,Group 2,high,UK
412.24,41,"£2,900",1,6980,13Y 0M,50,ID10JNY,F,No,Group 1,high,UK
398.27,30,"£31,500",2,9260,5Y 5M,350,EM67SOV,M,Yes,Group 3,high,UK
230.52,53,"£4,700",0,9070,7Y 1M,100,AK16KOL,female,No,Group 1,high,UK
184.75,54,"£18,400",0,8840,4Y 4M,50,YW68HRH,M,Yes,Group 1,low,UK
214.08,55,£14.9K,0,7870,4Y 6M,100,KJ68MUV,female,Yes,Group 1,low,UK
206.86,58,"£17,100",0,10400,2Y 3M,250,BW21FAM,female,Yes,Group 2,low,UK
336.25,85,"£9,700",0,3110,7Y 8M,0,UY65NWL,female,Yes,Group 3,normal,UK
269.32,36,£36.9K,0,11530,2Y 6M,100,JM70TLV,M,Yes,Group 1,low,UK
473.77,20,"£20,400",2,14210,4Y 5M,350,GZ68BTZ,female,No,Group 2,high,UK
261.87,46,"£9,800",1,8940,7Y 3M,150,RA16MMY,female,Yes,Group 2,high,UK
331.66,35,"£23,700",1,13470,4Y 2M,200,IN19EBT,M,Yes,Group 1,high,UK
179.82,27,£43.4K,0,6750,3Y 2M,200,TM20LMU,female,Yes,Group 2,low,UK
376.91,56,£19K,0,7120,3Y 0M,100,SF20XXE,male,Yes,Group 2,normal,UK
371.27,28,£11.4K,1,11680,6Y 5M,200,AD66NAG,female,No,Group 2,normal,UK
244.64,54,£24.5K,0,12920,2Y 9M,100,OW20YSL,male,No,Group 1,low,UK
248.65,28,£28.9K,1,14110,3Y 8M,250,LS69GXP,M,Yes,Group 1,normal,UK
412.95,40,£33.7K,1,11230,6Y 9M,150,HA16VUW,female,Yes,Group 3,,UK
241.26,39,"£12,500",0,5780,7Y 6M,100,MK65HBB,F,Yes,Group 1,normal,UK
210.23,77,"£14,600",0,11830,3Y 6M,200,KP69OUX,male,Yes,Group 2,normal,UK
318.54,17,£1.6K,5,13440,16Y 0M,350,HE7OOG,male,No,Group 1,high,UK
192.69,63,"£5,000",1,14250,7Y 9M,200,RG15ITI,M,Yes,Group 1,normal,UK
212.12,34,£20.5K,1,10290,6Y 0M,200,RU17DCT,male,Yes,Group 1,normal,UK
410.72,59,"£14,700",1,5870,7Y 2M,50,FL16XAN,F,Yes,Group 2,high,UK
298.25,82,£15.7K,0,9570,8Y 4M,150,PZ64ZCI,F,Yes,Group 3,high,UK
272.72,46,£16.2K,0,5330,10Y 3M,50,SL13WNG,F,Yes,Group 2,normal,UK
161.47,50,"£12,400",0,10630,8Y 0M,250,TV15RGL,F,Yes,Group 2,low,UK
320.47,26,"£43,500",2,13220,2Y 5M,250,YG70ECK,male,Yes,Group 2,normal,UK
193.67,65,"£36,300",0,10010,2Y 8M,100,MA70WLG,M,Yes,Group 2,low,UK
336.66,31,"£12,600",1,10320,10Y 5M,150,IB62YZQ,male,Yes,Group 2,normal,UK
484.84,27,£56K,1,15020,2Y 1M,150,ND21DAC,M,Yes,Group 3,low,UK
473.59,47,£20.3K,2,13110,7Y 1M,50,YX16IDA,M,No,Group 2,low,UK
241.82,57,£2.4K,2,,10Y 8M,100,JH62AEJ,M,No,Group 1,normal,UK
375.22,50,"£34,300",0,4000,1Y 0M,200,CA22CAA,female,Yes,Group 3,normal,UK
173.31,63,"£11,000",0,9310,5Y 4M,150,SP67WTU,M,Yes,Group 1,high,UK
267.6,35,"£5,800",0,10510,3Y 8M,100,FN69PHN,male,No,Group 1,normal,UK
251.81,52,£9.1K,1,,8Y 6M,150,YR64DIM,male,No,Group 2,normal,UK
290.53,50,£6.8K,1,11600,10Y 11M,50,OB12YTZ,male,Yes,Group 1,,UK
228.02,44,"£33,900",0,11080,3Y 10M,50,OG19RZL,M,Yes,Group 1,low,UK
320.22,44,"£7,300",1,,4Y 7M,300,OT68KJK,male,No,Group 1,normal,UK
321.19,27,£19K,1,11710,5Y 10M,100,KB17YQA,M,Yes,Group 1,normal,UK
430,37,£6.2K,2,7350,12Y 0M,150,KN11ZVK,M,Yes,Group 1,high,UK
460.25,19,"£3,300",4,13060,10Y 7M,250,IG62ZPU,male,No,Group 1,high,UK
416.47,36,"£21,200",0,7850,4Y 1M,0,QF19CRG,M,No,Group 1,normal,UK
219.82,49,"£6,300",0,11380,5Y 2M,150,LR18ZMN,F,No,Group 1,normal,UK
373.44,71,"£15,700",0,11410,3Y 4M,100,OX69ZKL,F,Yes,Group 2,high,UK
222.44,66,"£16,600",0,4520,2Y 3M,150,XJ21EJA,F,No,Group 1,normal,UK
312.57,63,£17.6K,1,8500,5Y 8M,200,QP67ILV,M,Yes,Group 2,,UK
328.01,38,"£35,900",0,8930,3Y 6M,50,XA69QDV,F,No,Group 2,low,UK
452.56,53,"£16,000",1,8170,6Y 5M,0,IV66QHG,M,No,Group 1,low,UK
270.59,43,"£17,900",0,12010,3Y 1M,50,WD20UBT,M,No,Group 1,low,UK
205.46,78,£4.9K,0,4160,7Y 8M,150,YP65APF,F,Yes,Group 2,high,UK
213.42,68,£15.4K,1,15730,3Y 2M,200,BB20YTQ,male,Yes,Group 1,high,UK
184.25,77,£17.7K,0,8800,4Y 10M,200,KP18LEV,F,Yes,Group 3,normal,UK
537.29,52,"£15,200",1,11900,6Y 3M,50,LD17FEB,male,No,Group 2,normal,UK
207.21,74,"£2,400",0,3970,13Y 8M,0,QT59JBG,F,Yes,Group 1,high,UK
267.26,61,"£8,200",1,9510,13Y 1M,200,PF10GRI,F,Yes,Group 3,,UK
280.4,31,"£13,800",1,11440,5Y 4M,200,FU67DJU,M,No,Group 1,low,UK
185.33,63,"£5,800",0,4850,9Y 8M,150,XD63BMD,F,Yes,Group 1,high,UK
306.44,19,"£7,100",2,11910,9Y 3M,250,YW14SNM,male,No,Group 1,high,UK
166.71,42,£3K,1,8910,13Y 2M,200,WG10EHU,female,Yes,Group 1,normal,UK
199.53,33,"£21,800",0,10080,2Y 11M,350,TN20PXC,female,Yes,Group 1,normal,UK
327.36,46,"£15,900",1,11670,6Y 9M,150,EU16BKA,female,Yes,Group 2,normal,UK
249.52,25,"£26,400",0,7040,3Y 0M,150,HH20BPY,F,Yes,Group 1,normal,UK
271.79,48,"£20,700",0,7180,5Y 1M,0,FI18PSB,female,No,Group 1,low,UK
288.73,33,"£9,900",2,10710,9Y 5M,250,ZF63ECG,F,Yes,Group 2,normal,UK
250.68,32,£22.7K,0,7840,5Y 3M,100,IG18PLG,F,Yes,Group 2,low,UK
465.2,48,"£34,600",0,10720,2Y 7M,50,OE70GPF,male,Yes,Group 2,normal,UK
270.2,68,"£16,100",0,8940,5Y 9M,100,JU17PBW,male,Yes,Group 2,high,UK
172.84,68,£2.4K,1,11980,7Y 10M,150,WM15QQT,female,No,Group 1,low,UK
312.71,45,"£4,800",0,10690,13Y 0M,0,FO10ZTU,F,No,Group 1,high,UK
434.74,59,"£17,000",1,13300,2Y 8M,150,IA70XFU,male,No,Group 2,normal,UK
256.92,34,"£10,600",1,8500,9Y 5M,150,XX63XIS,male,Yes,Group 1,high,UK
324.99,45,£19.6K,1,10230,6Y 8M,0,FM66AXQ,M,Yes,Group 1,,UK
177.06,78,£10.1K,0,5200,8Y 0M,150,VO15HFR,female,Yes,Group 2,low,UK
521.23,49,"£24,400",1,15540,2Y 9M,150,TL20DBB,M,Yes,Group 2,high,UK
208.09,39,"£33,400",1,12390,1Y 5M,400,FH71YAG,M,Yes,Group 2,low,UK
158.01,36,£4.1K,0,9840,8Y 1M,250,LW15IDQ,M,Yes,Group 1,normal,UK
333.07,36,"£11,700",0,4620,11Y 8M,50,FH61VIT,F,Yes,Group 2,high,UK
207.71,32,"£39,500",2,11840,3Y 0M,300,KP20DJC,male,Yes,Group 3,low,UK
195.96,66,£14.8K,0,7750,6Y 1M,200,UW17QOS,female,Yes,Group 2,normal,UK
424.98,42,"£5,200",1,12460,10Y 8M,50,CW62TBY,M,No,Group 1,normal,UK
352.98,31,"£17,500",1,5670,7Y 9M,100,HM15GHP,M,No,Group 2,normal,UK
475.73,44,"£16,300",2,11460,12Y 1M,0,CD11IDK,male,Yes,Group 2,high,UK
278.14,22,£11.9K,2,14210,7Y 5M,100,PY65OFC,M,No,Group 1,low,UK
276.55,55,"£6,600",1,5630,11Y 4M,50,WS61FMM,female,Yes,Group 2,high,UK
359.31,75,"£6,100",0,9270,4Y 0M,50,EE19ZCH,male,No,Group 1,normal,UK
222.48,67,"£11,200",0,9260,7Y 0M,0,KO16FPK,M,Yes,Group 1,low,UK
197.99,41,"£4,100",1,10720,7Y 8M,300,CK65QWW,F,No,Group 1,high,UK
325.5,39,"£4,200",2,10070,12Y 10M,150,RB10HUL,M,No,Group 1,high,UK
494.32,25,£17.1K,3,13060,7Y 2M,150,BP16QSN,male,Yes,Group 2,high,UK
417.71,32,"£19,900",2,11310,7Y 0M,150,WX16FGB,F,Yes,Group 2,normal,UK
156.57,69,"£11,100",0,8580,4Y 7M,250,KH68LED,M,Yes,Group 1,low,UK
343.27,50,"£9,800",2,11490,8Y 2M,200,NA15EPY,male,Yes,Group 2,high,UK
463.23,25,£31.4K,1,9870,2Y 6M,200,OO70PAJ,F,Yes,Group 2,high,UK
235.45,33,"£9,900",2,15920,6Y 3M,350,TM17RLC,female,Yes,Group 1,high,UK
252.95,76,£27.1K,0,9440,5Y 3M,50,VJ18XEN,M,Yes,Group 3,low,UK
316.99,42,"£2,000",2,13690,11Y 9M,200,BC11ZZG,M,No,Group 1,high,UK
329.9,51,"£49,800",1,15090,0Y 8M,300,TI72NRY,M,Yes,Group 3,normal,UK
411.35,39,"£16,100",1,10690,4Y 4M,100,AK68SWU,female,Yes,Group 1,high,UK
330.63,52,"£12,400",0,10670,6Y 4M,100,ZD66GRJ,female,No,Group 2,low,UK
400.7,40,"£10,800",2,11450,9Y 6M,100,FN63GXK,M,Yes,Group 2,normal,UK
306.19,35,"£21,200",0,9200,3Y 3M,250,DZ20WOL,female,Yes,Group 2,normal,UK
235.25,21,£2.4K,1,7650,11Y 2M,150,MP12EXE,F,No,Group 1,normal,UK
434.33,63,"£14,700",2,15150,7Y 6M,100,SP65YZZ,M,Yes,Group 2,high,UK
413.26,27,£21.1K,1,9440,5Y 3M,150,SM18EZW,M,No,Group 1,normal,UK
153.63,84,"£2,100",0,4550,10Y 0M,150,PU13PFR,F,Yes,Group 2,normal,UK
205.12,45,"£7,200",0,11020,5Y 1M,350,FM18DBI,F,No,Group 1,normal,UK
189.72,67,£11.2K,0,7060,6Y 9M,50,UB16ZMI,male,Yes,Group 1,low,UK
487.17,41,£17.1K,1,8080,7Y 9M,100,JG15XNK,F,No,Group 3,normal,UK
263.66,56,£18K,1,8490,8Y 6M,0,WV64IGB,male,Yes,Group 2,normal,UK
469.59,40,"£29,600",2,7690,4Y 11M,200,MS18HJR,male,Yes,Group 3,normal,UK
312.1,43,£8.9K,2,8950,11Y 0M,100,DP12AXL,M,No,Group 2,normal,UK
329.01,33,"£17,400",0,7980,6Y 8M,50,HC66ZDX,M,No,Group 1,normal,UK
300.56,42,"£31,600",0,8570,1Y 2M,250,ZF22VWL,F,Yes,Group 1,high,UK
396.93,64,£15.7K,0,7980,3Y 8M,100,BS69SRX,female,Yes,Group 2,high,UK
231.36,26,£6.6K,1,9200,5Y 0M,300,BR18DYS,F,No,Group 1,high,UK
204.11,67,"£3,900",0,7370,5Y 8M,50,AV67OWN,male,No,Group 1,normal,UK
447.52,24,"£39,500",1,8800,2Y 6M,150,QR70QVR,female,Yes,Group 2,normal,UK
223,33,"£8,400",0,9460,6Y 1M,250,FF17RFA,F,No,Group 1,normal,UK
216.5,55,"£14,400",0,6380,11Y 10M,100,HT11OAM,male,Yes,Group 2,,UK
264.48,75,£6.7K,1,11790,7Y 4M,200,QG65WOM,female,Yes,Group 2,high,UK
454.49,24,"£29,800",3,,5Y 11M,250,XU17WLK,male,Yes,Group 3,normal,UK
179.76,55,£13.4K,0,5710,6Y 2M,150,KC17QJY,F,Yes,Group 2,low,UK
308.55,63,"£41,900",0,10120,4Y 1M,50,AY19IJF,M,Yes,Group 3,,UK
435.42,60,"£21,900",0,11050,3Y 9M,50,SX19TVW,M,No,Group 2,low,UK
225.78,43,"£21,000",0,9170,5Y 11M,100,RD17XWU,M,Yes,Group 2,low,UK
282.14,36,£5.9K,0,5020,11Y 1M,150,PE12ZEZ,F,No,Group 1,normal,UK
257.27,29,£34.2K,1,,2Y 1M,150,ZI21MSJ,M,Yes,Group 1,low,UK
265.84,50,"£10,100",1,11390,5Y 5M,150,AI67JSD,M,No,Group 1,normal,UK
249.02,85,"£6,600",0,12080,8Y 9M,150,XB14YVP,M,Yes,Group 3,high,UK
424.74,49,"£33,300",1,13220,2Y 7M,100,CM70UHO,M,Yes,Group 2,low,UK
371.53,42,"£14,300",0,11560,4Y 11M,150,QG18OYC,female,No,Group 1,normal,UK
282.27,45,"£4,300",2,12490,13Y 4M,100,VY59NRQ,male,Yes,Group 1,high,UK
230.02,59,£5.5K,0,5000,9Y 4M,100,WA63KZN,F,No,Group 2,normal,UK
221.6,56,"£5,600",0,7700,8Y 10M,100,LU14GYH,F,Yes,Group 1,normal,UK
191.35,62,£9.9K,1,,3Y 5M,400,QD69EKZ,F,Yes,Group 2,normal,UK
287.19,27,£10.3K,2,11970,7Y 5M,250,PJ65NPD,M,Yes,Group 1,high,UK
353.14,53,"£52,000",0,6280,1Y 8M,50,EC71DXY,M,Yes,Group 3,low,UK
210,63,£24.8K,0,10510,1Y 5M,250,EW71BCR,F,Yes,Group 2,low,UK
470.29,41,"£21,200",1,10730,5Y 7M,50,CK67MIW,male,Yes,Group 2,high,UK
507.83,54,"£14,300",1,11370,5Y 9M,0,JP17DJK,M,No,Group 2,normal,UK
166.85,49,"£7,400",0,9750,8Y 2M,300,ET15RPN,F,Yes,Group 2,low,UK
487.65,22,"£13,500",3,13710,9Y 3M,150,VE14HIV,M,No,Group 1,high,UK
421.6,22,£25.7K,2,14510,5Y 10M,200,VO17ATY,male,No,Group 2,low,UK
192.1,70,£17.2K,0,10550,8Y 1M,50,AA15LSH,F,Yes,Group 2,low,UK
558.13,24,"£25,000",3,14070,2Y 10M,300,TD20WGG,M,Yes,Group 2,high,UK
167.21,62,"£17,700",0,6650,4Y 7M,150,FK68LKH,F,Yes,Group 2,low,UK
232.02,27,"£21,900",1,9850,2Y 8M,250,GS70IKX,F,Yes,Group 1,high,UK
175.99,58,"£6,900",0,11050,8Y 5M,150,PZ64NBD,F,No,Group 1,low,UK
259.05,44,"£9,100",1,7410,4Y 8M,250,IR68XIA,female,No,Group 1,normal,UK
268.6,47,"£23,100",0,11530,6Y 7M,50,ER66WYO,M,Yes,Group 2,low,UK
291.78,38,"£25,100",1,12740,4Y 11M,150,QK18AUC,male,Yes,Group 2,low,UK
225.5,50,"£16,400",0,6130,6Y 2M,100,JE17CVB,F,No,Group 2,low,UK
228.22,85,£11.2K,0,2070,4Y 4M,0,GK68BVX,F,No,Group 2,low,UK
202.64,25,£6.7K,1,10720,9Y 3M,250,QZ14KXL,F,No,Group 1,normal,UK
248.65,47,£48.3K,0,4590,2Y 0M,250,TD21LDJ,F,Yes,Group 3,normal,UK
391.82,56,£22.4K,0,8710,5Y 4M,300,WE67NXX,F,Yes,Group 3,normal,UK
188.81,44,£8.9K,0,9270,9Y 3M,150,RQ14NQQ,F,No,Group 2,low,UK
398.1,57,"£7,000",2,12510,9Y 4M,200,EW63FKO,male,No,Group 2,high,UK
342.8,51,£24.7K,0,13140,6Y 7M,0,QU66MUU,M,No,Group 2,low,UK
453.47,34,"£23,100",0,10840,4Y 11M,100,GQ18NUV,M,No,Group 2,normal,UK
207.35,42,"£2,900",0,6390,13Y 2M,100,XC10ZLR,female,No,Group 1,low,UK
389.46,49,£26.8K,0,6190,2Y 5M,150,PD70RBA,F,Yes,Group 2,normal,UK
216.36,28,"£3,800",2,11160,12Y 3M,150,EE11PGL,M,No,Group 1,normal,UK
172.39,28,£16.3K,1,13720,4Y 3M,250,TI19BZH,M,Yes,Group 1,low,UK
331.49,23,"£8,800",3,15330,4Y 9M,350,XX18KPN,male,No,Group 1,high,UK
167.07,73,"£17,600",0,5510,5Y 6M,100,MM67LGP,M,Yes,Group 2,low,UK
426.98,76,£19.1K,2,16380,4Y 7M,150,RH68DPI,M,Yes,Group 3,normal,UK
306.21,63,£8.8K,1,12100,9Y 5M,100,TO63PZO,male,No,Group 2,normal,UK
410.47,46,£11K,2,12930,9Y 3M,150,MO14JTR,M,Yes,Group 2,high,UK
280.65,52,"£21,700",0,11970,4Y 3M,150,ZQ19IBC,female,Yes,Group 2,high,UK
167.13,83,"£15,300",0,2600,2Y 1M,100,JT21IQO,F,Yes,Group 2,normal,UK
393.29,43,"£6,200",1,7470,12Y 1M,100,KO11KVY,F,Yes,Group 1,high,UK
249.97,44,£30.4K,0,,2Y 11M,250,TQ20WCV,F,Yes,Group 2,low,UK
159.15,47,£4K,0,12290,6Y 9M,200,RK16PSO,female,No,Group 1,low,UK
290.02,55,"£19,200",0,7370,4Y 7M,100,OB68IFK,female,Yes,Group 2,low,UK
308.36,39,£41.4K,0,11670,1Y 5M,200,AM71CHO,female,Yes,Group 2,low,UK
417.38,21,£2K,5,17060,6Y 11M,400,AU16UNS,M,No,Group 1,high,UK
252.91,44,"£10,400",1,9650,7Y 7M,200,ZZ65GGQ,M,Yes,Group 2,normal,UK
226.99,57,"£25,200",0,7560,1Y 5M,200,JX71ESQ,male,No,Group 2,low,UK
610.96,55,"£17,400",3,12680,9Y 3M,150,YF14WVN,M,Yes,Group 3,high,UK
197.73,64,£18.3K,1,13870,4Y 6M,200,RR68ENO,female,Yes,Group 2,low,UK
298.55,69,"£9,400",0,6970,6Y 10M,50,VL16XXY,F,No,Group 2,normal,UK
361.55,64,"£11,800",0,4470,8Y 3M,0,MC15KQH,female,No,Group 2,low,UK
187.63,63,"£23,200",0,11870,2Y 7M,250,QG70ZDE,M,Yes,Group 2,low,UK
512.01,22,"£18,000",3,12760,9Y 4M,100,AY63OLW,M,No,Group 2,normal,UK
438.83,21,£33.5K,1,9490,3Y 11M,150,RF19UJA,M,No,Group 2,normal,UK
519.58,51,"£6,400",1,12040,4Y 10M,300,BC18KUC,female,No,Group 2,high,UK
378.21,51,"£9,900",1,10500,11Y 8M,0,PJ61PPP,F,No,Group 2,normal,UK
307.97,29,"£19,800",1,11300,6Y 6M,100,NP66RHI,female,Yes,Group 1,normal,UK
170.94,21,£30.7K,2,17620,4Y 2M,450,BC19LQZ,M,Yes,Group 2,low,UK
404.69,64,£19.1K,1,9830,5Y 5M,50,AZ67NWR,male,Yes,Group 2,normal,UK
395.2,57,£22.4K,0,10000,1Y 10M,200,YS21TSW,M,No,Group 2,,UK
313.78,53,"£7,200",2,14680,12Y 8M,100,OG60PNM,male,Yes,Group 2,high,UK
252.43,41,"£5,200",1,6900,10Y 0M,150,CR13JVQ,female,No,Group 1,high,UK
397.96,22,£23.9K,0,7260,8Y 10M,100,TO14YJC,F,No,Group 2,normal,UK
177.6,63,"£7,700",0,11180,5Y 11M,150,AP17QFX,M,No,Group 1,low,UK
567.59,22,£24.7K,2,11150,6Y 3M,150,NC17MVN,female,Yes,Group 2,high,UK
388.06,20,"£21,300",2,16000,10Y 1M,100,MM13DRO,male,No,Group 2,low,UK
152.51,68,£2K,0,5960,14Y 11M,200,ZD8EVL,M,Yes,Group 1,normal,UK
215.03,77,"£6,000",1,14690,5Y 3M,250,TG18GAM,M,Yes,Group 2,high,UK
403.56,32,"£7,300",1,9110,10Y 8M,0,LA62BUD,male,No,Group 1,normal,UK
295.22,57,"£9,800",1,11780,8Y 4M,250,LR64AVZ,M,Yes,Group 2,high,UK
370.01,30,"£36,800",1,15430,2Y 7M,150,RX70XOO,female,Yes,Group 2,low,UK
239.31,52,"£27,200",0,11560,2Y 2M,200,XG21VMK,F,Yes,Group 2,low,UK
